-- MySQL dump 10.11
--
-- Host: localhost    Database: cacti
-- ------------------------------------------------------
-- Server version	5.0.95

/*!40101 SET @OLD_CHARACTER_SET_CLIENT=@@CHARACTER_SET_CLIENT */;
/*!40101 SET @OLD_CHARACTER_SET_RESULTS=@@CHARACTER_SET_RESULTS */;
/*!40101 SET @OLD_COLLATION_CONNECTION=@@COLLATION_CONNECTION */;
/*!40101 SET NAMES utf8 */;
/*!40103 SET @OLD_TIME_ZONE=@@TIME_ZONE */;
/*!40103 SET TIME_ZONE='+00:00' */;
/*!40014 SET @OLD_UNIQUE_CHECKS=@@UNIQUE_CHECKS, UNIQUE_CHECKS=0 */;
/*!40014 SET @OLD_FOREIGN_KEY_CHECKS=@@FOREIGN_KEY_CHECKS, FOREIGN_KEY_CHECKS=0 */;
/*!40101 SET @OLD_SQL_MODE=@@SQL_MODE, SQL_MODE='NO_AUTO_VALUE_ON_ZERO' */;
/*!40111 SET @OLD_SQL_NOTES=@@SQL_NOTES, SQL_NOTES=0 */;

--
-- Table structure for table `cdef`
--

DROP TABLE IF EXISTS `cdef`;
/*!40101 SET @saved_cs_client     = @@character_set_client */;
/*!40101 SET character_set_client = utf8 */;
CREATE TABLE `cdef` (
  `id` mediumint(8) unsigned NOT NULL auto_increment,
  `hash` varchar(32) NOT NULL default '',
  `name` varchar(255) NOT NULL default '',
  PRIMARY KEY  (`id`)
) ENGINE=MyISAM AUTO_INCREMENT=16 DEFAULT CHARSET=latin1;
/*!40101 SET character_set_client = @saved_cs_client */;

--
-- Dumping data for table `cdef`
--

LOCK TABLES `cdef` WRITE;
/*!40000 ALTER TABLE `cdef` DISABLE KEYS */;
INSERT INTO `cdef` VALUES (3,'3d352eed9fa8f7b2791205b3273708c7','Make Stack Negative'),(4,'e961cc8ec04fda6ed4981cf5ad501aa5','Make Per 5 Minutes'),(12,'f1ac79f05f255c02f914c920f1038c54','Total All Data Sources'),(2,'73f95f8b77b5508157d64047342c421e','Turn Bytes into Bits'),(14,'634a23af5e78af0964e8d33b1a4ed26b','Multiply by 1024'),(15,'068984b5ccdfd2048869efae5166f722','Total All Data Sources, Multiply by 1024');
/*!40000 ALTER TABLE `cdef` ENABLE KEYS */;
UNLOCK TABLES;

--
-- Table structure for table `cdef_items`
--

DROP TABLE IF EXISTS `cdef_items`;
/*!40101 SET @saved_cs_client     = @@character_set_client */;
/*!40101 SET character_set_client = utf8 */;
CREATE TABLE `cdef_items` (
  `id` mediumint(8) unsigned NOT NULL auto_increment,
  `hash` varchar(32) NOT NULL default '',
  `cdef_id` mediumint(8) unsigned NOT NULL default '0',
  `sequence` mediumint(8) unsigned NOT NULL default '0',
  `type` tinyint(2) NOT NULL default '0',
  `value` varchar(150) NOT NULL default '',
  PRIMARY KEY  (`id`),
  KEY `cdef_id` (`cdef_id`)
) ENGINE=MyISAM AUTO_INCREMENT=24 DEFAULT CHARSET=latin1;
/*!40101 SET character_set_client = @saved_cs_client */;

--
-- Dumping data for table `cdef_items`
--

LOCK TABLES `cdef_items` WRITE;
/*!40000 ALTER TABLE `cdef_items` DISABLE KEYS */;
INSERT INTO `cdef_items` VALUES (7,'9bbf6b792507bb9bb17d2af0970f9be9',2,1,4,'CURRENT_DATA_SOURCE'),(9,'a4b8eb2c3bf4920a3ef571a7a004be53',2,2,6,'8'),(8,'caa4e023ac2d7b1c4b4c8c4adfd55dfe',2,3,2,'3'),(10,'c888c9fe6b62c26c4bfe23e18991731d',3,1,4,'CURRENT_DATA_SOURCE'),(11,'1e1d0b29a94e08b648c8f053715442a0',3,3,2,'3'),(12,'4355c197998c7f8b285be7821ddc6da4',3,2,6,'-1'),(13,'40bb7a1143b0f2e2efca14eb356236de',4,1,4,'CURRENT_DATA_SOURCE'),(14,'42686ea0925c0220924b7d333599cd67',4,3,2,'3'),(15,'faf1b148b2c0e0527362ed5b8ca1d351',4,2,6,'300'),(16,'0ef6b8a42dc83b4e43e437960fccd2ea',12,1,4,'ALL_DATA_SOURCES_NODUPS'),(18,'86370cfa0008fe8c56b28be80ee39a40',14,1,4,'CURRENT_DATA_SOURCE'),(19,'9a35cc60d47691af37f6fddf02064e20',14,2,6,'1024'),(20,'5d7a7941ec0440b257e5598a27dd1688',14,3,2,'3'),(21,'44fd595c60539ff0f5817731d9f43a85',15,1,4,'ALL_DATA_SOURCES_NODUPS'),(22,'aa38be265e5ac31783e57ce6f9314e9a',15,2,6,'1024'),(23,'204423d4b2598f1f7252eea19458345c',15,3,2,'3');
/*!40000 ALTER TABLE `cdef_items` ENABLE KEYS */;
UNLOCK TABLES;

--
-- Table structure for table `colors`
--

DROP TABLE IF EXISTS `colors`;
/*!40101 SET @saved_cs_client     = @@character_set_client */;
/*!40101 SET character_set_client = utf8 */;
CREATE TABLE `colors` (
  `id` mediumint(8) unsigned NOT NULL auto_increment,
  `hex` varchar(6) NOT NULL default '',
  PRIMARY KEY  (`id`)
) ENGINE=MyISAM AUTO_INCREMENT=105 DEFAULT CHARSET=latin1;
/*!40101 SET character_set_client = @saved_cs_client */;

--
-- Dumping data for table `colors`
--

LOCK TABLES `colors` WRITE;
/*!40000 ALTER TABLE `colors` DISABLE KEYS */;
INSERT INTO `colors` VALUES (1,'000000'),(2,'FFFFFF'),(4,'FAFD9E'),(5,'C0C0C0'),(6,'74C366'),(7,'6DC8FE'),(8,'EA8F00'),(9,'FF0000'),(10,'4444FF'),(11,'FF00FF'),(12,'00FF00'),(13,'8D85F3'),(14,'AD3B6E'),(15,'EACC00'),(16,'12B3B5'),(17,'157419'),(18,'C4FD3D'),(19,'817C4E'),(20,'002A97'),(21,'0000FF'),(22,'00CF00'),(24,'F9FD5F'),(25,'FFF200'),(26,'CCBB00'),(27,'837C04'),(28,'EAAF00'),(29,'FFD660'),(30,'FFC73B'),(31,'FFAB00'),(33,'FF7D00'),(34,'ED7600'),(35,'FF5700'),(36,'EE5019'),(37,'B1441E'),(38,'FFC3C0'),(39,'FF897C'),(40,'FF6044'),(41,'FF4105'),(42,'DA4725'),(43,'942D0C'),(44,'FF3932'),(45,'862F2F'),(46,'FF5576'),(47,'562B29'),(48,'F51D30'),(49,'DE0056'),(50,'ED5394'),(51,'B90054'),(52,'8F005C'),(53,'F24AC8'),(54,'E8CDEF'),(55,'D8ACE0'),(56,'A150AA'),(57,'750F7D'),(58,'8D00BA'),(59,'623465'),(60,'55009D'),(61,'3D168B'),(62,'311F4E'),(63,'D2D8F9'),(64,'9FA4EE'),(65,'6557D0'),(66,'4123A1'),(67,'4668E4'),(68,'0D006A'),(69,'00004D'),(70,'001D61'),(71,'00234B'),(72,'002A8F'),(73,'2175D9'),(74,'7CB3F1'),(75,'005199'),(76,'004359'),(77,'00A0C1'),(78,'007283'),(79,'00BED9'),(80,'AFECED'),(81,'55D6D3'),(82,'00BBB4'),(83,'009485'),(84,'005D57'),(85,'008A77'),(86,'008A6D'),(87,'00B99B'),(88,'009F67'),(89,'00694A'),(90,'00A348'),(91,'00BF47'),(92,'96E78A'),(93,'00BD27'),(94,'35962B'),(95,'7EE600'),(96,'6EA100'),(97,'CAF100'),(98,'F5F800'),(99,'CDCFC4'),(100,'BCBEB3'),(101,'AAABA1'),(102,'8F9286'),(103,'797C6E'),(104,'2E3127');
/*!40000 ALTER TABLE `colors` ENABLE KEYS */;
UNLOCK TABLES;

--
-- Table structure for table `data_input`
--

DROP TABLE IF EXISTS `data_input`;
/*!40101 SET @saved_cs_client     = @@character_set_client */;
/*!40101 SET character_set_client = utf8 */;
CREATE TABLE `data_input` (
  `id` mediumint(8) unsigned NOT NULL auto_increment,
  `hash` varchar(32) NOT NULL default '',
  `name` varchar(200) NOT NULL default '',
  `input_string` varchar(255) default NULL,
  `type_id` tinyint(2) NOT NULL default '0',
  PRIMARY KEY  (`id`),
  KEY `name` (`name`)
) ENGINE=MyISAM AUTO_INCREMENT=15 DEFAULT CHARSET=latin1;
/*!40101 SET character_set_client = @saved_cs_client */;

--
-- Dumping data for table `data_input`
--

LOCK TABLES `data_input` WRITE;
/*!40000 ALTER TABLE `data_input` DISABLE KEYS */;
INSERT INTO `data_input` VALUES (1,'3eb92bb845b9660a7445cf9740726522','Get SNMP Data','',2),(2,'bf566c869ac6443b0c75d1c32b5a350e','Get SNMP Data (Indexed)','',3),(3,'274f4685461170b9eb1b98d22567ab5e','Unix - Get Free Disk Space','<path_cacti>/scripts/diskfree.sh <partition>',1),(4,'95ed0993eb3095f9920d431ac80f4231','Unix - Get Load Average','perl <path_cacti>/scripts/loadavg_multi.pl',1),(5,'79a284e136bb6b061c6f96ec219ac448','Unix - Get Logged In Users','perl <path_cacti>/scripts/unix_users.pl <username>',1),(6,'362e6d4768937c4f899dd21b91ef0ff8','Linux - Get Memory Usage','perl <path_cacti>/scripts/linux_memory.pl <grepstr>',1),(7,'a637359e0a4287ba43048a5fdf202066','Unix - Get System Processes','perl <path_cacti>/scripts/unix_processes.pl',1),(8,'47d6bfe8be57a45171afd678920bd399','Unix - Get TCP Connections','perl <path_cacti>/scripts/unix_tcp_connections.pl <grepstr>',1),(9,'cc948e4de13f32b6aea45abaadd287a3','Unix - Get Web Hits','perl <path_cacti>/scripts/webhits.pl <log_path>',1),(10,'8bd153aeb06e3ff89efc73f35849a7a0','Unix - Ping Host','perl <path_cacti>/scripts/ping.pl <ip>',1),(11,'80e9e4c4191a5da189ae26d0e237f015','Get Script Data (Indexed)','',4),(12,'332111d8b54ac8ce939af87a7eac0c06','Get Script Server Data (Indexed)','',6);
/*!40000 ALTER TABLE `data_input` ENABLE KEYS */;
UNLOCK TABLES;

--
-- Table structure for table `data_input_data`
--

DROP TABLE IF EXISTS `data_input_data`;
/*!40101 SET @saved_cs_client     = @@character_set_client */;
/*!40101 SET character_set_client = utf8 */;
CREATE TABLE `data_input_data` (
  `data_input_field_id` mediumint(8) unsigned NOT NULL default '0',
  `data_template_data_id` mediumint(8) unsigned NOT NULL default '0',
  `t_value` char(2) default NULL,
  `value` text,
  PRIMARY KEY  (`data_input_field_id`,`data_template_data_id`),
  KEY `t_value` (`t_value`)
) ENGINE=MyISAM DEFAULT CHARSET=latin1;
/*!40101 SET character_set_client = @saved_cs_client */;

--
-- Dumping data for table `data_input_data`
--

LOCK TABLES `data_input_data` WRITE;
/*!40000 ALTER TABLE `data_input_data` DISABLE KEYS */;
INSERT INTO `data_input_data` VALUES (14,1,'on',''),(13,1,'on',''),(12,1,'on',''),(14,2,'on',''),(13,2,'on',''),(12,2,'on',''),(14,3,'on',''),(13,3,'on',''),(12,3,'on',''),(1,4,'',''),(1,5,'',''),(1,6,'',''),(14,7,'on',''),(13,7,'on',''),(12,7,'on',''),(14,8,'on',''),(13,8,'on',''),(12,8,'on',''),(14,9,'on',''),(13,9,'on',''),(12,9,'on',''),(14,10,'on',''),(13,10,'on',''),(12,10,'on',''),(22,12,'','Buffers:'),(22,13,'','MemFree:'),(22,14,'','^Cached:'),(22,15,'','SwapFree:'),(29,18,'',''),(1,19,'',''),(2,19,'',''),(6,21,'','.1.3.6.1.2.1.25.3.3.1.2.1'),(1,27,'',''),(6,28,'','.1.3.6.1.4.1.9.9.109.1.1.1.1.3.1'),(6,29,'','.1.3.6.1.4.1.9.9.109.1.1.1.1.4.1'),(1,30,'',''),(1,31,'',''),(1,32,'',''),(1,33,'',''),(1,34,'',''),(14,35,'on',''),(13,35,'on',''),(12,35,'on',''),(14,36,'on',''),(13,36,'on',''),(12,36,'on',''),(1,22,'',''),(1,23,'',''),(1,24,'',''),(1,25,'',''),(1,26,'',''),(33,37,'on',''),(32,37,'on',''),(31,37,'on',''),(14,38,'on',''),(13,38,'on',''),(12,38,'on',''),(14,39,'on',''),(13,39,'on',''),(12,39,'on',''),(14,40,'on',''),(13,40,'on',''),(12,40,'on',''),(14,41,'on',''),(13,41,'on',''),(12,41,'on',''),(14,55,'on',''),(13,55,'on',''),(12,55,'on',''),(37,56,'on',''),(36,56,'on',''),(35,56,'on',''),(37,57,'on',''),(36,57,'on',''),(35,57,'on',''),(1,58,'',''),(1,59,'',''),(1,20,'',''),(5,6,'',''),(22,62,NULL,'MemFree:'),(22,63,NULL,'SwapFree:'),(4,6,'',''),(3,6,'',''),(2,6,'',''),(6,69,'on',''),(1,68,'',''),(2,68,'',''),(6,6,'','.1.3.6.1.4.1.2021.11.51.0'),(2,27,'',''),(3,27,'',''),(4,27,'',''),(5,27,'',''),(6,27,'','.1.3.6.1.4.1.9.2.1.58.0'),(2,59,'',''),(3,59,'',''),(4,59,'',''),(5,59,'',''),(6,59,'','.1.3.6.1.2.1.25.1.5.0'),(2,58,'',''),(3,58,'',''),(4,58,'',''),(5,58,'',''),(6,58,'','.1.3.6.1.2.1.25.1.6.0'),(2,24,'',''),(3,24,'',''),(4,24,'',''),(5,24,'',''),(6,24,'','.1.3.6.1.4.1.23.2.28.2.5.0'),(2,25,'',''),(3,25,'',''),(4,25,'',''),(5,25,'',''),(6,25,'','.1.3.6.1.4.1.23.2.28.2.6.0'),(2,22,'',''),(3,22,'',''),(4,22,'',''),(5,22,'',''),(6,22,'','.1.3.6.1.4.1.23.2.28.2.1.0'),(2,23,'',''),(3,23,'',''),(4,23,'',''),(5,23,'',''),(6,23,'','.1.3.6.1.4.1.23.2.28.2.2.0'),(2,26,'',''),(3,26,'',''),(4,26,'',''),(5,26,'',''),(6,26,'','.1.3.6.1.4.1.23.2.28.2.7.0'),(2,20,'',''),(3,20,'',''),(4,20,'',''),(5,20,'',''),(6,20,'','.1.3.6.1.4.1.23.2.28.3.2.0'),(3,19,'',''),(4,19,'',''),(5,19,'',''),(6,19,'','.1.3.6.1.4.1.23.2.28.3.1'),(2,4,'',''),(3,4,'',''),(4,4,'',''),(5,4,'',''),(6,4,'','.1.3.6.1.4.1.2021.11.52.0'),(2,5,'',''),(3,5,'',''),(4,5,'',''),(5,5,'',''),(6,5,'','.1.3.6.1.4.1.2021.11.50.0'),(2,30,'',''),(3,30,'',''),(4,30,'',''),(5,30,'',''),(6,30,'','.1.3.6.1.4.1.2021.10.1.3.1'),(2,32,'',''),(3,32,'',''),(4,32,'',''),(5,32,'',''),(6,32,'','.1.3.6.1.4.1.2021.10.1.3.3'),(2,31,'',''),(3,31,'',''),(4,31,'',''),(5,31,'',''),(6,31,'','.1.3.6.1.4.1.2021.10.1.3.2'),(2,33,'',''),(3,33,'',''),(4,33,'',''),(5,33,'',''),(6,33,'','.1.3.6.1.4.1.2021.4.14.0'),(3,68,'',''),(4,68,'',''),(5,68,'',''),(6,68,'','.1.3.6.1.4.1.2021.4.15.0'),(2,34,'',''),(3,34,'',''),(4,34,'',''),(5,34,'',''),(6,34,'','.1.3.6.1.4.1.2021.4.6.0'),(20,17,'',''),(20,65,NULL,''),(14,70,'','13'),(13,70,'','eth0'),(12,70,'','ifDescr'),(7,70,NULL,'127.0.0.1'),(8,70,NULL,'public'),(9,70,NULL,''),(10,70,NULL,''),(11,70,NULL,'0'),(39,70,NULL,'161'),(44,70,NULL,'MD5'),(45,70,NULL,''),(46,70,NULL,'DES'),(12,78,'',''),(7,78,NULL,'poller.ionix.vt.ru'),(14,78,'',''),(13,78,'',''),(14,74,'','13'),(13,74,'','eth0'),(12,74,'','ifDescr'),(7,74,NULL,'192.168.40.100'),(8,74,NULL,'public'),(9,74,NULL,''),(10,74,NULL,''),(11,74,NULL,'2'),(39,74,NULL,'161'),(44,74,NULL,''),(45,74,NULL,''),(46,74,NULL,''),(14,75,'','13'),(13,75,'','eth1'),(12,75,'','ifDescr'),(7,75,NULL,'192.168.40.100'),(8,75,NULL,'public'),(9,75,NULL,''),(10,75,NULL,''),(11,75,NULL,'2'),(39,75,NULL,'161'),(44,75,NULL,''),(45,75,NULL,''),(46,75,NULL,''),(37,76,'','18'),(36,76,'','Physical memory'),(35,76,'','hrStorageDescr'),(37,77,'','18'),(36,77,'','/'),(35,77,'','hrStorageDescr'),(8,78,NULL,'public'),(9,78,NULL,''),(10,78,NULL,''),(11,78,NULL,'0'),(39,78,NULL,'161'),(44,78,NULL,''),(45,78,NULL,''),(46,78,NULL,''),(14,79,'on',''),(13,79,'on',''),(12,79,'on',''),(31,79,'','DeviceID'),(32,79,'','ge-2/2/1'),(33,79,'','23'),(7,79,NULL,'poller.ionix.vt.ru'),(8,79,NULL,'public'),(9,79,NULL,''),(10,79,NULL,''),(11,79,NULL,'0'),(39,79,NULL,'161'),(44,79,NULL,''),(45,79,NULL,''),(46,79,NULL,''),(14,80,'on',''),(13,80,'on',''),(12,80,'on',''),(31,80,'','DeviceID'),(32,80,'','ge-2/2/2'),(33,80,'','23'),(7,80,NULL,'poller.ionix.vt.ru'),(8,80,NULL,'public'),(9,80,NULL,''),(10,80,NULL,''),(11,80,NULL,'0'),(39,80,NULL,'161'),(44,80,NULL,''),(45,80,NULL,''),(46,80,NULL,''),(32,84,'','ge-2/2/1'),(31,84,'','DeviceID'),(33,84,'','26'),(31,85,'','DeviceID'),(32,85,'','ge-2/2/2'),(33,85,'','26'),(31,86,'','DeviceID'),(32,86,'','ge-2/2/1'),(33,86,'','26'),(31,87,'','DeviceID'),(32,87,'','ge-2/2/2'),(33,87,'','26'),(31,88,'','DeviceID'),(32,88,'','ge-2/2/1'),(33,88,'','26'),(31,89,'','DeviceID'),(32,89,'','ge-2/2/2'),(33,89,'','26'),(31,90,'','DeviceID'),(32,90,'','ge-2/2/1'),(33,90,'','26'),(31,91,'','DeviceID'),(32,91,'','ge-2/2/2'),(33,91,'','26'),(31,92,'','DeviceID'),(32,92,'','ge-2/2/1'),(33,92,'','26'),(31,93,'','DeviceID'),(32,93,'','ge-2/2/2'),(33,93,'','26'),(31,96,'','DeviceID'),(32,96,'','ge-2/2/1'),(33,96,'','26'),(31,97,'','DeviceID'),(32,97,'','ge-2/2/2'),(33,97,'','26'),(31,99,'',''),(32,99,'',''),(33,99,'',''),(31,100,'',''),(32,100,'',''),(33,100,'',''),(31,129,'','DeviceID'),(33,83,'on',''),(31,109,'',''),(33,130,'on',''),(32,129,'','ge-2/2/2'),(31,101,'','DeviceID'),(32,101,'','ge-2/2/1'),(33,101,'','26'),(32,128,'','ge-2/2/1'),(31,128,'','DeviceID'),(31,102,'','DeviceID'),(32,102,'','ge-2/2/2'),(33,102,'','26'),(33,129,'','26'),(33,128,'','26'),(31,103,'','DeviceID'),(32,103,'','ge-2/2/1'),(33,103,'','26'),(31,127,'on',''),(32,127,'on',''),(31,104,'','DeviceID'),(32,104,'','ge-2/2/2'),(33,104,'','26'),(33,127,'on',''),(31,126,'','DeviceID'),(31,105,'','DeviceID'),(32,105,'','ge-2/2/1'),(33,105,'','26'),(31,125,'','DeviceID'),(33,126,'','26'),(31,106,'','DeviceID'),(32,106,'','ge-2/2/2'),(33,106,'','26'),(32,126,'','ge-2/2/2'),(32,125,'','ge-2/2/1'),(31,107,'','DeviceID'),(32,107,'','ge-2/2/1'),(33,107,'','26'),(32,124,'','ge-2/2/2'),(31,124,'','DeviceID'),(31,108,'','DeviceID'),(32,108,'','ge-2/2/2'),(33,108,'','26'),(33,124,'','26'),(32,83,'on',''),(33,125,'','26'),(32,109,'',''),(33,109,'',''),(32,123,'','ge-2/2/1'),(31,123,'','DeviceID'),(31,110,'',''),(32,110,'',''),(33,110,'',''),(33,123,'','26'),(31,83,'on',''),(36,111,'',''),(35,111,'',''),(37,111,'',''),(31,111,'',''),(32,111,'',''),(33,111,'',''),(36,112,'',''),(35,112,'',''),(37,112,'',''),(31,112,'',''),(32,112,'',''),(33,112,'',''),(37,113,'on',''),(36,113,'on',''),(35,113,'on',''),(31,113,'','DeviceID'),(32,113,'','ge-2/2/1'),(33,113,'','26'),(37,114,'on',''),(36,114,'on',''),(35,114,'on',''),(31,114,'','DeviceID'),(32,114,'','ge-2/2/2'),(33,114,'','26'),(37,115,'on',''),(36,115,'on',''),(35,115,'on',''),(31,115,'','DeviceID'),(32,115,'','ge-2/2/1'),(33,115,'','26'),(37,116,'on',''),(36,116,'on',''),(35,116,'on',''),(31,116,'','DeviceID'),(32,116,'','ge-2/2/2'),(33,116,'','26'),(37,117,'on',''),(36,117,'on',''),(35,117,'on',''),(31,117,'','DeviceID'),(32,117,'','ge-2/2/1'),(33,117,'','26'),(37,118,'on',''),(36,118,'on',''),(35,118,'on',''),(31,118,'','DeviceID'),(32,118,'','ge-2/2/2'),(33,118,'','26'),(33,119,'','26'),(32,119,'','ge-2/2/1'),(31,119,'','DeviceID'),(33,120,'','26'),(32,120,'','ge-2/2/2'),(31,120,'','DeviceID'),(33,121,'','26'),(32,121,'','ge-2/2/1'),(31,121,'','DeviceID'),(33,122,'','26'),(32,122,'','ge-2/2/2'),(31,122,'','DeviceID'),(32,130,'on',''),(31,130,'on',''),(33,131,'',''),(32,131,'',''),(31,131,'',''),(32,297,'',''),(31,135,'',''),(33,132,'',''),(32,132,'',''),(31,132,'',''),(32,135,'',''),(33,135,'',''),(33,133,'',''),(32,133,'',''),(31,133,'',''),(33,136,'',''),(33,297,'',''),(33,134,'',''),(32,134,'',''),(31,134,'',''),(31,136,'',''),(32,136,'',''),(31,296,'',''),(32,296,'',''),(33,137,'',''),(32,137,'',''),(31,137,'',''),(33,372,'','27'),(33,138,'',''),(32,138,'',''),(31,138,'',''),(31,372,'','DeviceID'),(31,297,'',''),(33,139,'on',''),(32,139,'on',''),(31,139,'on',''),(33,140,'','28'),(32,140,'','12.1.0.0'),(31,140,'','DeviceID'),(33,141,'','28'),(32,141,'','7.1.0.0'),(31,141,'','DeviceID'),(33,142,'','28'),(32,142,'','7.2.0.0'),(31,142,'','DeviceID'),(33,143,'','28'),(32,143,'','7.3.0.0'),(31,143,'','DeviceID'),(33,144,'','28'),(32,144,'','7.4.0.0'),(31,144,'','DeviceID'),(33,145,'','28'),(32,145,'','7.5.0.0'),(31,145,'','DeviceID'),(33,146,'','28'),(32,146,'','9.1.0.0'),(31,146,'','DeviceID'),(33,147,'','28'),(32,147,'','12.1.0.0'),(31,147,'','DeviceID'),(33,148,'','28'),(32,148,'','7.1.0.0'),(31,148,'','DeviceID'),(33,149,'','28'),(32,149,'','7.2.0.0'),(31,149,'','DeviceID'),(33,150,'','28'),(32,150,'','7.3.0.0'),(31,150,'','DeviceID'),(33,151,'','28'),(32,151,'','7.4.0.0'),(31,151,'','DeviceID'),(33,152,'','28'),(32,152,'','7.5.0.0'),(31,152,'','DeviceID'),(33,153,'','28'),(32,153,'','9.1.0.0'),(31,153,'','DeviceID'),(33,154,'',''),(32,154,'',''),(31,154,'',''),(33,296,'',''),(33,155,'',''),(32,155,'',''),(31,155,'',''),(31,371,'','DeviceID'),(33,156,'',''),(32,156,'',''),(31,156,'',''),(33,157,'',''),(32,157,'',''),(31,157,'',''),(33,158,'',''),(32,158,'',''),(31,158,'',''),(31,295,'',''),(33,159,'',''),(32,159,'',''),(31,159,'',''),(32,295,'',''),(33,295,'',''),(33,160,'',''),(32,160,'',''),(31,160,'',''),(33,161,'',''),(32,161,'',''),(31,161,'',''),(31,294,'',''),(33,162,'',''),(32,162,'',''),(31,162,'',''),(32,294,'',''),(33,294,'',''),(33,163,'',''),(32,163,'',''),(31,163,'',''),(33,371,'','27'),(33,164,'',''),(32,164,'',''),(31,164,'',''),(32,371,'','ae25.132'),(31,293,'',''),(33,165,'',''),(32,165,'',''),(31,165,'',''),(32,293,'',''),(33,166,'',''),(32,166,'',''),(31,166,'',''),(33,293,'',''),(33,167,'',''),(32,167,'',''),(31,167,'',''),(33,360,'','27'),(33,168,'',''),(32,168,'',''),(31,168,'',''),(32,360,'','ge-2/2/5.550'),(33,169,'',''),(32,169,'',''),(31,169,'',''),(31,292,'',''),(33,170,'',''),(32,170,'',''),(31,170,'',''),(32,292,'',''),(33,292,'',''),(33,171,'',''),(32,171,'',''),(31,171,'',''),(33,172,'',''),(32,172,'',''),(31,172,'',''),(31,291,'',''),(33,173,'',''),(32,173,'',''),(31,173,'',''),(32,291,'',''),(33,291,'',''),(33,174,'',''),(32,174,'',''),(31,174,'',''),(33,175,'',''),(32,175,'',''),(31,175,'',''),(31,290,'',''),(32,290,'',''),(33,176,'',''),(32,176,'',''),(31,176,'',''),(33,290,'',''),(32,387,'','ge-2/0/4.101'),(33,177,'',''),(32,177,'',''),(31,177,'',''),(31,387,'','DeviceID'),(31,289,'',''),(33,178,'',''),(32,178,'',''),(31,178,'',''),(32,289,'',''),(33,289,'',''),(33,179,'',''),(32,179,'',''),(31,179,'',''),(33,387,'','27'),(33,180,'',''),(32,180,'',''),(31,180,'',''),(31,288,'',''),(32,288,'',''),(33,181,'',''),(32,181,'',''),(31,181,'',''),(33,288,'',''),(31,386,'','DeviceID'),(33,182,'',''),(32,182,'',''),(31,182,'',''),(31,287,'',''),(33,183,'',''),(32,183,'',''),(31,183,'',''),(32,287,'',''),(33,287,'',''),(33,184,'',''),(32,184,'',''),(31,184,'',''),(32,386,'','ge-2/0/4.100'),(33,185,'',''),(32,185,'',''),(31,185,'',''),(31,286,'',''),(32,286,'',''),(33,186,'',''),(32,186,'',''),(31,186,'',''),(33,286,'',''),(33,187,'',''),(32,187,'',''),(31,187,'',''),(33,386,'','27'),(31,285,'',''),(33,188,'',''),(32,188,'',''),(31,188,'',''),(32,285,'',''),(33,285,'',''),(33,189,'',''),(32,189,'',''),(31,189,'',''),(33,190,'',''),(32,190,'',''),(31,190,'',''),(31,284,'',''),(32,284,'',''),(33,191,'',''),(32,191,'',''),(31,191,'',''),(33,284,'',''),(32,385,'','ge-2/0/4'),(33,192,'',''),(32,192,'',''),(31,192,'',''),(31,385,'','DeviceID'),(31,283,'',''),(33,193,'',''),(32,193,'',''),(31,193,'',''),(32,283,'',''),(33,283,'',''),(33,194,'',''),(32,194,'',''),(31,194,'',''),(33,385,'','27'),(33,195,'',''),(32,195,'',''),(31,195,'',''),(31,282,'',''),(32,282,'',''),(33,196,'',''),(32,196,'',''),(31,196,'',''),(33,282,'',''),(31,384,'','DeviceID'),(33,197,'',''),(32,197,'',''),(31,197,'',''),(31,281,'',''),(33,198,'',''),(32,198,'',''),(31,198,'',''),(32,281,'',''),(33,281,'',''),(33,199,'',''),(32,199,'',''),(31,199,'',''),(33,200,'',''),(32,200,'',''),(31,200,'',''),(31,280,'',''),(32,280,'',''),(33,201,'',''),(32,201,'',''),(31,201,'',''),(33,280,'',''),(32,370,'','ae25'),(33,202,'',''),(32,202,'',''),(31,202,'',''),(31,370,'','DeviceID'),(31,279,'',''),(33,203,'',''),(32,203,'',''),(31,203,'',''),(32,279,'',''),(33,279,'',''),(33,204,'',''),(32,204,'',''),(31,204,'',''),(32,384,'','ge-2/0/3'),(33,205,'',''),(32,205,'',''),(31,205,'',''),(31,278,'',''),(32,278,'',''),(33,206,'',''),(32,206,'',''),(31,206,'',''),(33,278,'',''),(33,207,'',''),(32,207,'',''),(31,207,'',''),(33,370,'','27'),(31,277,'',''),(33,208,'',''),(32,208,'',''),(31,208,'',''),(32,277,'',''),(33,277,'',''),(33,209,'',''),(32,209,'',''),(31,209,'',''),(33,384,'','27'),(33,210,'',''),(32,210,'',''),(31,210,'',''),(31,276,'',''),(32,276,'',''),(33,211,'',''),(32,211,'',''),(31,211,'',''),(33,276,'',''),(33,212,'',''),(32,212,'',''),(31,212,'',''),(31,275,'',''),(33,213,'',''),(32,213,'',''),(31,213,'',''),(32,275,'',''),(33,275,'',''),(33,214,'',''),(32,214,'',''),(31,214,'',''),(31,383,'','DeviceID'),(31,274,'',''),(33,215,'',''),(32,215,'',''),(31,215,'',''),(32,274,'',''),(33,274,'',''),(33,216,'',''),(32,216,'',''),(31,216,'',''),(33,383,'','27'),(33,217,'',''),(32,217,'',''),(31,217,'',''),(32,383,'','ge-2/0/2'),(33,218,'',''),(32,218,'',''),(31,218,'',''),(31,273,'',''),(32,273,'',''),(33,219,'',''),(32,219,'',''),(31,219,'',''),(33,273,'',''),(33,220,'',''),(32,220,'',''),(31,220,'',''),(31,272,'',''),(33,221,'',''),(32,221,'',''),(31,221,'',''),(32,272,'',''),(33,272,'',''),(33,222,'',''),(32,222,'',''),(31,222,'',''),(31,382,'','DeviceID'),(31,271,'',''),(33,223,'',''),(32,223,'',''),(31,223,'',''),(32,271,'',''),(33,271,'',''),(33,224,'',''),(32,224,'',''),(31,224,'',''),(32,382,'','ge-2/0/1'),(31,270,'',''),(33,225,'',''),(32,225,'',''),(31,225,'',''),(32,270,'',''),(33,270,'',''),(33,226,'',''),(32,226,'',''),(31,226,'',''),(33,382,'','27'),(31,269,'',''),(33,227,'',''),(32,227,'',''),(31,227,'',''),(32,269,'',''),(33,269,'',''),(33,228,'',''),(32,228,'',''),(31,228,'',''),(31,268,'',''),(33,229,'',''),(32,229,'',''),(31,229,'',''),(32,268,'',''),(33,268,'',''),(33,230,'',''),(32,230,'',''),(31,230,'',''),(31,267,'',''),(33,231,'',''),(32,231,'',''),(31,231,'',''),(32,267,'',''),(33,267,'',''),(33,232,'',''),(32,232,'',''),(31,232,'',''),(33,233,'',''),(32,233,'',''),(31,233,'',''),(31,266,'',''),(32,266,'',''),(33,234,'',''),(32,234,'',''),(31,234,'',''),(33,266,'',''),(31,381,'','DeviceID'),(33,235,'',''),(32,235,'',''),(31,235,'',''),(31,265,'',''),(32,265,'',''),(33,236,'',''),(32,236,'',''),(31,236,'',''),(33,265,'',''),(33,381,'','27'),(33,237,'',''),(32,237,'',''),(31,237,'',''),(32,381,'','ge-2/0/0'),(31,264,'',''),(33,238,'',''),(32,238,'',''),(31,238,'',''),(32,264,'',''),(33,264,'',''),(33,239,'',''),(32,239,'',''),(31,239,'',''),(31,263,'',''),(33,240,'',''),(32,240,'',''),(31,240,'',''),(32,263,'',''),(33,263,'',''),(33,241,'',''),(32,241,'',''),(31,241,'',''),(31,380,'','DeviceID'),(33,242,'',''),(32,242,'',''),(31,242,'',''),(31,262,'',''),(32,262,'',''),(33,243,'',''),(32,243,'',''),(31,243,'',''),(33,262,'',''),(32,369,'','ae17.1555'),(33,244,'',''),(32,244,'',''),(31,244,'',''),(31,369,'','DeviceID'),(31,261,'',''),(33,245,'',''),(32,245,'',''),(31,245,'',''),(32,261,'',''),(33,261,'',''),(33,246,'',''),(32,246,'',''),(31,246,'',''),(32,380,'','ae9.550'),(31,260,'',''),(33,247,'',''),(32,247,'',''),(31,247,'',''),(32,260,'',''),(33,260,'',''),(33,248,'',''),(32,248,'',''),(31,248,'',''),(33,369,'','27'),(31,259,'',''),(33,249,'',''),(32,249,'',''),(31,249,'',''),(32,259,'',''),(33,259,'',''),(33,250,'',''),(32,250,'',''),(31,250,'',''),(33,380,'','27'),(31,258,'',''),(33,251,'',''),(32,251,'',''),(31,251,'',''),(32,258,'',''),(33,258,'',''),(33,252,'',''),(32,252,'',''),(31,252,'',''),(31,257,'',''),(33,253,'',''),(32,253,'',''),(31,253,'',''),(32,257,'',''),(33,257,'',''),(33,254,'',''),(32,254,'',''),(31,254,'',''),(31,256,'',''),(33,255,'',''),(32,255,'',''),(31,255,'',''),(32,256,'',''),(33,256,'',''),(32,372,'','ae30'),(33,298,'',''),(32,298,'',''),(31,298,'',''),(33,373,'','27'),(33,299,'',''),(32,299,'',''),(31,299,'',''),(33,388,'','27'),(33,300,'',''),(32,300,'',''),(31,300,'',''),(31,388,'','DeviceID'),(32,388,'','ge-2/0/5'),(33,301,'',''),(32,301,'',''),(31,301,'',''),(33,302,'',''),(32,302,'',''),(31,302,'',''),(32,389,'','ge-2/0/5.550'),(33,389,'','27'),(33,303,'',''),(32,303,'',''),(31,303,'',''),(31,389,'','DeviceID'),(33,304,'',''),(32,304,'',''),(31,304,'',''),(33,390,'','27'),(33,305,'',''),(32,305,'',''),(31,305,'',''),(31,390,'','DeviceID'),(32,390,'','ge-2/0/6'),(33,306,'',''),(32,306,'',''),(31,306,'',''),(33,307,'',''),(32,307,'',''),(31,307,'',''),(31,373,'','DeviceID'),(32,373,'','ae31'),(33,308,'',''),(32,308,'',''),(31,308,'',''),(32,391,'','ge-2/0/6.16'),(33,391,'','27'),(33,309,'',''),(32,309,'',''),(31,309,'',''),(33,374,'','27'),(33,310,'',''),(32,310,'',''),(31,310,'',''),(31,391,'','DeviceID'),(33,311,'',''),(32,311,'',''),(31,311,'',''),(31,374,'','DeviceID'),(32,374,'','ae5'),(33,312,'',''),(32,312,'',''),(31,312,'',''),(33,375,'','27'),(33,313,'',''),(32,313,'',''),(31,313,'',''),(31,375,'','DeviceID'),(32,375,'','ae6'),(33,314,'',''),(32,314,'',''),(31,314,'',''),(33,376,'','27'),(33,315,'',''),(32,315,'',''),(31,315,'',''),(31,376,'','DeviceID'),(32,376,'','ae8'),(33,316,'',''),(32,316,'',''),(31,316,'',''),(33,377,'','27'),(33,317,'',''),(32,317,'',''),(31,317,'',''),(31,377,'','DeviceID'),(32,377,'','ae8.100'),(33,318,'',''),(32,318,'',''),(31,318,'',''),(33,319,'',''),(32,319,'',''),(31,319,'',''),(33,320,'',''),(32,320,'',''),(31,320,'',''),(32,378,'','ae8.101'),(33,378,'','27'),(33,321,'',''),(32,321,'',''),(31,321,'',''),(31,378,'','DeviceID'),(33,322,'',''),(32,322,'',''),(31,322,'',''),(33,392,'','27'),(33,323,'',''),(32,323,'',''),(31,323,'',''),(33,379,'','27'),(33,324,'',''),(32,324,'',''),(31,324,'',''),(31,392,'','DeviceID'),(32,392,'','ge-2/0/7'),(33,325,'',''),(32,325,'',''),(31,325,'',''),(33,326,'',''),(32,326,'',''),(31,326,'',''),(32,393,'','ge-2/0/7.0'),(33,393,'','27'),(33,327,'',''),(32,327,'',''),(31,327,'',''),(31,393,'','DeviceID'),(33,328,'',''),(32,328,'',''),(31,328,'',''),(33,394,'','27'),(33,329,'',''),(32,329,'',''),(31,329,'',''),(31,394,'','DeviceID'),(32,394,'','ge-2/0/9'),(33,330,'',''),(32,330,'',''),(31,330,'',''),(33,331,'',''),(32,331,'',''),(31,331,'',''),(31,360,'','DeviceID'),(33,332,'',''),(32,332,'',''),(31,332,'',''),(33,361,'','27'),(33,333,'',''),(32,333,'',''),(31,333,'',''),(31,361,'','DeviceID'),(32,361,'','ae0'),(33,334,'',''),(32,334,'',''),(31,334,'',''),(33,362,'','27'),(33,335,'',''),(32,335,'',''),(31,335,'',''),(31,362,'','DeviceID'),(32,362,'','ae0.0'),(33,336,'',''),(32,336,'',''),(31,336,'',''),(33,363,'','27'),(33,337,'',''),(32,337,'',''),(31,337,'',''),(31,363,'','DeviceID'),(32,363,'','ae1'),(33,338,'',''),(32,338,'',''),(31,338,'',''),(33,364,'','27'),(33,339,'',''),(32,339,'',''),(31,339,'',''),(31,364,'','DeviceID'),(32,364,'','ae1.0'),(33,340,'',''),(32,340,'',''),(31,340,'',''),(33,365,'','27'),(33,341,'',''),(32,341,'',''),(31,341,'',''),(31,365,'','DeviceID'),(32,365,'','ae15'),(33,342,'',''),(32,342,'',''),(31,342,'',''),(33,366,'','27'),(33,343,'',''),(32,343,'',''),(31,343,'',''),(31,366,'','DeviceID'),(32,366,'','ae15.0'),(33,344,'',''),(32,344,'',''),(31,344,'',''),(33,345,'',''),(32,345,'',''),(31,345,'',''),(32,367,'','ae16.0'),(33,367,'','27'),(33,346,'',''),(32,346,'',''),(31,346,'',''),(31,367,'','DeviceID'),(33,347,'',''),(32,347,'',''),(31,347,'',''),(33,368,'','27'),(33,348,'',''),(32,348,'',''),(31,348,'',''),(31,368,'','DeviceID'),(32,368,'','ae17'),(33,349,'',''),(32,349,'',''),(31,349,'',''),(31,379,'','DeviceID'),(32,379,'','ae9'),(33,350,'',''),(32,350,'',''),(31,350,'',''),(32,395,'','ge-2/0/9.10'),(33,395,'','27'),(33,351,'',''),(32,351,'',''),(31,351,'',''),(31,395,'','DeviceID'),(33,352,'',''),(32,352,'',''),(31,352,'',''),(32,396,'','ge-2/0/9.100'),(33,396,'','27'),(33,353,'',''),(32,353,'',''),(31,353,'',''),(31,396,'','DeviceID'),(33,354,'',''),(32,354,'',''),(31,354,'',''),(31,359,'','DeviceID'),(32,359,'','ge-2/1/1.552'),(33,355,'',''),(32,355,'',''),(31,355,'',''),(33,359,'','27'),(33,356,'',''),(32,356,'',''),(31,356,'',''),(31,358,'','DeviceID'),(33,357,'',''),(32,357,'',''),(31,357,'',''),(32,358,'','ge-2/1/1.551'),(33,358,'','27'),(33,397,'','27'),(32,397,'','ge-2/0/9.11'),(31,397,'','DeviceID'),(33,398,'','27'),(32,398,'','ge-2/0/9.14'),(31,398,'','DeviceID'),(33,399,'','27'),(32,399,'','ge-2/0/9.15'),(31,399,'','DeviceID'),(33,400,'','27'),(32,400,'','ge-2/0/9.1555'),(31,400,'','DeviceID'),(33,401,'','27'),(32,401,'','ge-2/0/9.18'),(31,401,'','DeviceID'),(33,402,'','27'),(32,402,'','ge-2/0/9.22'),(31,402,'','DeviceID'),(33,403,'','27'),(32,403,'','ge-2/0/9.524'),(31,403,'','DeviceID'),(33,404,'','27'),(32,404,'','ge-2/0/9.842'),(31,404,'','DeviceID'),(33,405,'','27'),(32,405,'','ge-2/0/9.9'),(31,405,'','DeviceID'),(33,406,'','27'),(32,406,'','ge-2/1/0'),(31,406,'','DeviceID'),(33,407,'','27'),(32,407,'','ge-2/1/0.0'),(31,407,'','DeviceID'),(33,408,'','27'),(32,408,'','ge-2/1/1'),(31,408,'','DeviceID'),(33,409,'','27'),(32,409,'','ge-2/1/1.550'),(31,409,'','DeviceID'),(33,410,'','27'),(32,410,'','ge-2/1/1.551'),(31,410,'','DeviceID'),(33,411,'','27'),(32,411,'','ge-2/1/1.552'),(31,411,'','DeviceID'),(33,412,'','27'),(32,412,'','ge-2/1/1.553'),(31,412,'','DeviceID'),(33,413,'','27'),(32,413,'','ge-2/1/4'),(31,413,'','DeviceID'),(33,414,'','27'),(32,414,'','ge-2/2/5'),(31,414,'','DeviceID'),(33,415,'','27'),(32,415,'','ge-2/2/5.550'),(31,415,'','DeviceID'),(33,416,'','27'),(32,416,'','ge-2/2/8'),(31,416,'','DeviceID'),(33,417,'','27'),(32,417,'','ge-2/2/8.0'),(31,417,'','DeviceID'),(33,418,'','27'),(32,418,'','ge-2/2/9'),(31,418,'','DeviceID'),(33,419,'','27'),(32,419,'','ge-2/2/9.31'),(31,419,'','DeviceID'),(33,420,'','27'),(32,420,'','ge-2/2/9.32'),(31,420,'','DeviceID'),(33,421,'','27'),(32,421,'','ge-2/3/0'),(31,421,'','DeviceID'),(33,422,'','27'),(32,422,'','ge-2/3/0.0'),(31,422,'','DeviceID'),(33,423,'','27'),(32,423,'','lo0'),(31,423,'','DeviceID'),(33,424,'','27'),(32,424,'','lo0.0'),(31,424,'','DeviceID'),(33,425,'','27'),(32,425,'','xe-0/0/0'),(31,425,'','DeviceID'),(33,426,'','27'),(32,426,'','xe-0/0/2'),(31,426,'','DeviceID'),(33,427,'','27'),(32,427,'','xe-0/0/2.0'),(31,427,'','DeviceID'),(33,428,'','27'),(32,428,'','xe-0/1/0'),(31,428,'','DeviceID'),(33,429,'','27'),(32,429,'','xe-0/1/1'),(31,429,'','DeviceID'),(33,430,'','27'),(32,430,'','xe-0/1/1.0'),(31,430,'','DeviceID'),(33,431,'','27'),(32,431,'','xe-0/1/3'),(31,431,'','DeviceID'),(33,432,'','27'),(32,432,'','xe-0/1/3.0'),(31,432,'','DeviceID'),(33,433,'','27'),(32,433,'','xe-0/2/0'),(31,433,'','DeviceID'),(33,434,'','27'),(32,434,'','xe-0/2/1'),(31,434,'','DeviceID'),(33,435,'','27'),(32,435,'','xe-0/2/1.0'),(31,435,'','DeviceID'),(33,436,'','27'),(32,436,'','xe-0/2/3'),(31,436,'','DeviceID'),(33,437,'','27'),(32,437,'','xe-0/3/0'),(31,437,'','DeviceID'),(33,438,'','27'),(32,438,'','xe-0/3/1'),(31,438,'','DeviceID'),(33,439,'','27'),(32,439,'','xe-0/3/1.0'),(31,439,'','DeviceID'),(33,440,'','27'),(32,440,'','xe-0/3/2'),(31,440,'','DeviceID'),(33,441,'','27'),(32,441,'','xe-0/3/2.0'),(31,441,'','DeviceID'),(33,442,'','27'),(32,442,'','xe-0/3/3'),(31,442,'','DeviceID'),(33,443,'','27'),(32,443,'','xe-1/0/0'),(31,443,'','DeviceID'),(33,444,'','27'),(32,444,'','xe-1/1/0'),(31,444,'','DeviceID'),(33,445,'','27'),(32,445,'','xe-1/2/0'),(31,445,'','DeviceID'),(33,446,'','27'),(32,446,'','xe-1/2/0.0'),(31,446,'','DeviceID'),(33,447,'','27'),(32,447,'','xe-1/3/0'),(31,447,'','DeviceID'),(33,448,'','27'),(32,448,'','xe-1/3/0.132'),(31,448,'','DeviceID'),(33,449,'','27'),(32,449,'','xe-3/0/0'),(31,449,'','DeviceID'),(33,450,'','27'),(32,450,'','xe-3/1/0'),(31,450,'','DeviceID'),(33,451,'','27'),(32,451,'','xe-3/2/0'),(31,451,'','DeviceID'),(33,452,'','27'),(32,452,'','xe-3/2/0.0'),(31,452,'','DeviceID'),(33,453,'','27'),(32,453,'','xe-3/3/0'),(31,453,'','DeviceID'),(33,454,'','27'),(32,454,'','xe-3/3/0.0'),(31,454,'','DeviceID'),(33,455,'','27'),(32,455,'','xe-4/0/0'),(31,455,'','DeviceID'),(33,456,'','27'),(32,456,'','xe-4/0/0.1555'),(31,456,'','DeviceID'),(33,457,'','27'),(32,457,'','xe-4/1/0'),(31,457,'','DeviceID'),(33,458,'','27'),(32,458,'','xe-4/1/0.0'),(31,458,'','DeviceID'),(33,459,'','27'),(32,459,'','xe-4/2/0'),(31,459,'','DeviceID'),(33,460,'','27'),(32,460,'','xe-4/2/0.0'),(31,460,'','DeviceID'),(33,461,'','27'),(32,461,'','xe-4/3/0'),(31,461,'','DeviceID'),(33,462,'','27'),(32,462,'','xe-4/3/0.0'),(31,462,'','DeviceID'),(33,463,'','28'),(32,463,'','12.1.0.0'),(31,463,'','DeviceID'),(33,464,'','28'),(32,464,'','7.1.0.0'),(31,464,'','DeviceID'),(33,465,'','28'),(32,465,'','7.2.0.0'),(31,465,'','DeviceID'),(33,466,'','28'),(32,466,'','7.3.0.0'),(31,466,'','DeviceID'),(33,467,'','28'),(32,467,'','7.4.0.0'),(31,467,'','DeviceID'),(33,468,'','28'),(32,468,'','7.5.0.0'),(31,468,'','DeviceID'),(33,469,'','28'),(32,469,'','9.1.0.0'),(31,469,'','DeviceID'),(33,470,'','27'),(32,470,'','ae0'),(31,470,'','DeviceID'),(33,471,'','27'),(32,471,'','ae0.0'),(31,471,'','DeviceID'),(33,472,'','27'),(32,472,'','ae1'),(31,472,'','DeviceID'),(33,473,'','27'),(32,473,'','ae1.0'),(31,473,'','DeviceID'),(33,474,'','27'),(32,474,'','ae15'),(31,474,'','DeviceID'),(33,475,'','27'),(32,475,'','ae15.0'),(31,475,'','DeviceID'),(33,476,'','27'),(32,476,'','ae16.0'),(31,476,'','DeviceID'),(33,477,'','27'),(32,477,'','ae17'),(31,477,'','DeviceID'),(33,478,'','27'),(32,478,'','ae17.1555'),(31,478,'','DeviceID'),(33,479,'','27'),(32,479,'','ae25'),(31,479,'','DeviceID'),(33,480,'','27'),(32,480,'','ae25.132'),(31,480,'','DeviceID'),(33,481,'','27'),(32,481,'','ae30'),(31,481,'','DeviceID'),(33,482,'','27'),(32,482,'','ae31'),(31,482,'','DeviceID'),(33,483,'','27'),(32,483,'','ae5'),(31,483,'','DeviceID'),(33,484,'','27'),(32,484,'','ae6'),(31,484,'','DeviceID'),(33,485,'','27'),(32,485,'','ae8'),(31,485,'','DeviceID'),(33,486,'','27'),(32,486,'','ae8.100'),(31,486,'','DeviceID'),(33,487,'','27'),(32,487,'','ae8.101'),(31,487,'','DeviceID'),(33,488,'','27'),(32,488,'','ae9'),(31,488,'','DeviceID'),(33,489,'','27'),(32,489,'','ae9.550'),(31,489,'','DeviceID'),(33,490,'','27'),(32,490,'','ge-2/0/0'),(31,490,'','DeviceID'),(33,491,'','27'),(32,491,'','ge-2/0/1'),(31,491,'','DeviceID'),(33,492,'','27'),(32,492,'','ge-2/0/2'),(31,492,'','DeviceID'),(33,493,'','27'),(32,493,'','ge-2/0/3'),(31,493,'','DeviceID'),(33,494,'','27'),(32,494,'','ge-2/0/4'),(31,494,'','DeviceID'),(33,495,'','27'),(32,495,'','ge-2/0/4.100'),(31,495,'','DeviceID'),(33,496,'','27'),(32,496,'','ge-2/0/4.101'),(31,496,'','DeviceID'),(33,497,'','27'),(32,497,'','ge-2/0/5'),(31,497,'','DeviceID'),(33,498,'','27'),(32,498,'','ge-2/0/5.550'),(31,498,'','DeviceID'),(33,499,'','27'),(32,499,'','ge-2/0/6'),(31,499,'','DeviceID'),(33,500,'','27'),(32,500,'','ge-2/0/6.16'),(31,500,'','DeviceID'),(33,501,'','27'),(32,501,'','ge-2/0/7'),(31,501,'','DeviceID'),(33,502,'','27'),(32,502,'','ge-2/0/7.0'),(31,502,'','DeviceID'),(33,503,'','27'),(32,503,'','ge-2/0/9'),(31,503,'','DeviceID'),(33,504,'','27'),(32,504,'','ge-2/0/9.10'),(31,504,'','DeviceID'),(33,505,'','27'),(32,505,'','ge-2/0/9.100'),(31,505,'','DeviceID'),(33,506,'','27'),(32,506,'','ge-2/0/9.11'),(31,506,'','DeviceID'),(33,507,'','27'),(32,507,'','ge-2/0/9.14'),(31,507,'','DeviceID'),(33,508,'','27'),(32,508,'','ge-2/0/9.15'),(31,508,'','DeviceID'),(33,509,'','27'),(32,509,'','ge-2/0/9.1555'),(31,509,'','DeviceID'),(33,510,'','27'),(32,510,'','ge-2/0/9.18'),(31,510,'','DeviceID'),(33,511,'','27'),(32,511,'','ge-2/0/9.22'),(31,511,'','DeviceID'),(33,512,'','27'),(32,512,'','ge-2/0/9.524'),(31,512,'','DeviceID'),(33,513,'','27'),(32,513,'','ge-2/0/9.842'),(31,513,'','DeviceID'),(33,514,'','27'),(32,514,'','ge-2/0/9.9'),(31,514,'','DeviceID'),(33,515,'','27'),(32,515,'','ge-2/1/0'),(31,515,'','DeviceID'),(33,516,'','27'),(32,516,'','ge-2/1/0.0'),(31,516,'','DeviceID'),(33,517,'','27'),(32,517,'','ge-2/1/1'),(31,517,'','DeviceID'),(33,518,'','27'),(32,518,'','ge-2/1/1.550'),(31,518,'','DeviceID'),(33,519,'','27'),(32,519,'','ge-2/1/1.551'),(31,519,'','DeviceID'),(33,520,'','27'),(32,520,'','ge-2/1/1.552'),(31,520,'','DeviceID'),(33,521,'','27'),(32,521,'','ge-2/1/1.553'),(31,521,'','DeviceID'),(33,522,'','27'),(32,522,'','ge-2/1/4'),(31,522,'','DeviceID'),(33,523,'','27'),(32,523,'','ge-2/2/5'),(31,523,'','DeviceID'),(33,524,'','27'),(32,524,'','ge-2/2/5.550'),(31,524,'','DeviceID'),(33,525,'','27'),(32,525,'','ge-2/2/8'),(31,525,'','DeviceID'),(33,526,'','27'),(32,526,'','ge-2/2/8.0'),(31,526,'','DeviceID'),(33,527,'','27'),(32,527,'','ge-2/2/9'),(31,527,'','DeviceID'),(33,528,'','27'),(32,528,'','ge-2/2/9.31'),(31,528,'','DeviceID'),(33,529,'','27'),(32,529,'','ge-2/2/9.32'),(31,529,'','DeviceID'),(33,530,'','27'),(32,530,'','ge-2/3/0'),(31,530,'','DeviceID'),(33,531,'','27'),(32,531,'','ge-2/3/0.0'),(31,531,'','DeviceID'),(33,532,'','27'),(32,532,'','lo0'),(31,532,'','DeviceID'),(33,533,'','27'),(32,533,'','lo0.0'),(31,533,'','DeviceID'),(33,534,'','27'),(32,534,'','xe-0/0/0'),(31,534,'','DeviceID'),(33,535,'','27'),(32,535,'','xe-0/0/2'),(31,535,'','DeviceID'),(33,536,'','27'),(32,536,'','xe-0/0/2.0'),(31,536,'','DeviceID'),(33,537,'','27'),(32,537,'','xe-0/1/0'),(31,537,'','DeviceID'),(33,538,'','27'),(32,538,'','xe-0/1/1'),(31,538,'','DeviceID'),(33,539,'','27'),(32,539,'','xe-0/1/1.0'),(31,539,'','DeviceID'),(33,540,'','27'),(32,540,'','xe-0/1/3'),(31,540,'','DeviceID'),(33,541,'','27'),(32,541,'','xe-0/1/3.0'),(31,541,'','DeviceID'),(33,542,'','27'),(32,542,'','xe-0/2/0'),(31,542,'','DeviceID'),(33,543,'','27'),(32,543,'','xe-0/2/1'),(31,543,'','DeviceID'),(33,544,'','27'),(32,544,'','xe-0/2/1.0'),(31,544,'','DeviceID'),(33,545,'','27'),(32,545,'','xe-0/2/3'),(31,545,'','DeviceID'),(33,546,'','27'),(32,546,'','xe-0/3/0'),(31,546,'','DeviceID'),(33,547,'','27'),(32,547,'','xe-0/3/1'),(31,547,'','DeviceID'),(33,548,'','27'),(32,548,'','xe-0/3/1.0'),(31,548,'','DeviceID'),(33,549,'','27'),(32,549,'','xe-0/3/2'),(31,549,'','DeviceID'),(33,550,'','27'),(32,550,'','xe-0/3/2.0'),(31,550,'','DeviceID'),(33,551,'','27'),(32,551,'','xe-0/3/3'),(31,551,'','DeviceID'),(33,552,'','27'),(32,552,'','xe-1/0/0'),(31,552,'','DeviceID'),(33,553,'','27'),(32,553,'','xe-1/1/0'),(31,553,'','DeviceID'),(33,554,'','27'),(32,554,'','xe-1/2/0'),(31,554,'','DeviceID'),(33,555,'','27'),(32,555,'','xe-1/2/0.0'),(31,555,'','DeviceID'),(33,556,'','27'),(32,556,'','xe-1/3/0'),(31,556,'','DeviceID'),(33,557,'','27'),(32,557,'','xe-1/3/0.132'),(31,557,'','DeviceID'),(33,558,'','27'),(32,558,'','xe-3/0/0'),(31,558,'','DeviceID'),(33,559,'','27'),(32,559,'','xe-3/1/0'),(31,559,'','DeviceID'),(33,560,'','27'),(32,560,'','xe-3/2/0'),(31,560,'','DeviceID'),(33,561,'','27'),(32,561,'','xe-3/2/0.0'),(31,561,'','DeviceID'),(33,562,'','27'),(32,562,'','xe-3/3/0'),(31,562,'','DeviceID'),(33,563,'','27'),(32,563,'','xe-3/3/0.0'),(31,563,'','DeviceID'),(33,564,'','27'),(32,564,'','xe-4/0/0'),(31,564,'','DeviceID'),(33,565,'','27'),(32,565,'','xe-4/0/0.1555'),(31,565,'','DeviceID'),(33,566,'','27'),(32,566,'','xe-4/1/0'),(31,566,'','DeviceID'),(33,567,'','27'),(32,567,'','xe-4/1/0.0'),(31,567,'','DeviceID'),(33,568,'','27'),(32,568,'','xe-4/2/0'),(31,568,'','DeviceID'),(33,569,'','27'),(32,569,'','xe-4/2/0.0'),(31,569,'','DeviceID'),(33,570,'','27'),(32,570,'','xe-4/3/0'),(31,570,'','DeviceID'),(33,571,'','27'),(32,571,'','xe-4/3/0.0'),(31,571,'','DeviceID'),(33,572,'','28'),(32,572,'','12.1.0.0'),(31,572,'','DeviceID'),(33,573,'','28'),(32,573,'','7.1.0.0'),(31,573,'','DeviceID'),(33,574,'','28'),(32,574,'','7.2.0.0'),(31,574,'','DeviceID'),(33,575,'','28'),(32,575,'','7.3.0.0'),(31,575,'','DeviceID'),(33,576,'','28'),(32,576,'','7.4.0.0'),(31,576,'','DeviceID'),(33,577,'','28'),(32,577,'','7.5.0.0'),(31,577,'','DeviceID'),(33,578,'','28'),(32,578,'','9.1.0.0'),(31,578,'','DeviceID'),(33,579,'','27'),(32,579,'','ae0'),(31,579,'','DeviceID'),(33,580,'','27'),(32,580,'','ae0.0'),(31,580,'','DeviceID'),(33,581,'','27'),(32,581,'','ae1'),(31,581,'','DeviceID'),(33,582,'','27'),(32,582,'','ae1.0'),(31,582,'','DeviceID'),(33,583,'','27'),(32,583,'','ae15'),(31,583,'','DeviceID'),(33,584,'','27'),(32,584,'','ae15.0'),(31,584,'','DeviceID'),(33,585,'','27'),(32,585,'','ae16.0'),(31,585,'','DeviceID'),(33,586,'','27'),(32,586,'','ae17'),(31,586,'','DeviceID'),(33,587,'','27'),(32,587,'','ae17.1555'),(31,587,'','DeviceID'),(33,588,'','27'),(32,588,'','ae25'),(31,588,'','DeviceID'),(33,589,'','27'),(32,589,'','ae25.132'),(31,589,'','DeviceID'),(33,590,'','27'),(32,590,'','ae30'),(31,590,'','DeviceID'),(33,591,'','27'),(32,591,'','ae31'),(31,591,'','DeviceID'),(33,592,'','27'),(32,592,'','ae5'),(31,592,'','DeviceID'),(33,593,'','27'),(32,593,'','ae6'),(31,593,'','DeviceID'),(33,594,'','27'),(32,594,'','ae8'),(31,594,'','DeviceID'),(33,595,'','27'),(32,595,'','ae8.100'),(31,595,'','DeviceID'),(33,596,'','27'),(32,596,'','ae8.101'),(31,596,'','DeviceID'),(33,597,'','27'),(32,597,'','ae9'),(31,597,'','DeviceID'),(33,598,'','27'),(32,598,'','ae9.550'),(31,598,'','DeviceID'),(33,599,'','27'),(32,599,'','ge-2/0/0'),(31,599,'','DeviceID'),(33,600,'','27'),(32,600,'','ge-2/0/1'),(31,600,'','DeviceID'),(33,601,'','27'),(32,601,'','ge-2/0/2'),(31,601,'','DeviceID'),(33,602,'','27'),(32,602,'','ge-2/0/3'),(31,602,'','DeviceID'),(33,603,'','27'),(32,603,'','ge-2/0/4'),(31,603,'','DeviceID'),(33,604,'','27'),(32,604,'','ge-2/0/4.100'),(31,604,'','DeviceID'),(33,605,'','27'),(32,605,'','ge-2/0/4.101'),(31,605,'','DeviceID'),(33,606,'','27'),(32,606,'','ge-2/0/5'),(31,606,'','DeviceID'),(33,607,'','27'),(32,607,'','ge-2/0/5.550'),(31,607,'','DeviceID'),(33,608,'','27'),(32,608,'','ge-2/0/6'),(31,608,'','DeviceID'),(33,609,'','27'),(32,609,'','ge-2/0/6.16'),(31,609,'','DeviceID'),(33,610,'','27'),(32,610,'','ge-2/0/7'),(31,610,'','DeviceID'),(33,611,'','27'),(32,611,'','ge-2/0/7.0'),(31,611,'','DeviceID'),(33,612,'','27'),(32,612,'','ge-2/0/9'),(31,612,'','DeviceID'),(33,613,'','27'),(32,613,'','ge-2/0/9.10'),(31,613,'','DeviceID'),(33,614,'','27'),(32,614,'','ge-2/0/9.100'),(31,614,'','DeviceID'),(33,615,'','27'),(32,615,'','ge-2/0/9.11'),(31,615,'','DeviceID'),(33,616,'','27'),(32,616,'','ge-2/0/9.14'),(31,616,'','DeviceID'),(33,617,'','27'),(32,617,'','ge-2/0/9.15'),(31,617,'','DeviceID'),(33,618,'','27'),(32,618,'','ge-2/0/9.1555'),(31,618,'','DeviceID'),(33,619,'','27'),(32,619,'','ge-2/0/9.18'),(31,619,'','DeviceID'),(33,620,'','27'),(32,620,'','ge-2/0/9.22'),(31,620,'','DeviceID'),(33,621,'','27'),(32,621,'','ge-2/0/9.524'),(31,621,'','DeviceID'),(33,622,'','27'),(32,622,'','ge-2/0/9.842'),(31,622,'','DeviceID'),(33,623,'','27'),(32,623,'','ge-2/0/9.9'),(31,623,'','DeviceID'),(33,624,'','27'),(32,624,'','ge-2/1/0'),(31,624,'','DeviceID'),(33,625,'','27'),(32,625,'','ge-2/1/0.0'),(31,625,'','DeviceID'),(33,626,'','27'),(32,626,'','ge-2/1/1'),(31,626,'','DeviceID'),(33,627,'','27'),(32,627,'','ge-2/1/1.550'),(31,627,'','DeviceID'),(33,628,'','27'),(32,628,'','ge-2/1/1.551'),(31,628,'','DeviceID'),(33,629,'','27'),(32,629,'','ge-2/1/1.552'),(31,629,'','DeviceID'),(33,630,'','27'),(32,630,'','ge-2/1/1.553'),(31,630,'','DeviceID'),(33,631,'','27'),(32,631,'','ge-2/1/4'),(31,631,'','DeviceID'),(33,632,'','27'),(32,632,'','ge-2/2/5'),(31,632,'','DeviceID'),(33,633,'','27'),(32,633,'','ge-2/2/5.550'),(31,633,'','DeviceID'),(33,634,'','27'),(32,634,'','ge-2/2/8'),(31,634,'','DeviceID'),(33,635,'','27'),(32,635,'','ge-2/2/8.0'),(31,635,'','DeviceID'),(33,636,'','27'),(32,636,'','ge-2/2/9'),(31,636,'','DeviceID'),(33,637,'','27'),(32,637,'','ge-2/2/9.31'),(31,637,'','DeviceID'),(33,638,'','27'),(32,638,'','ge-2/2/9.32'),(31,638,'','DeviceID'),(33,639,'','27'),(32,639,'','ge-2/3/0'),(31,639,'','DeviceID'),(33,640,'','27'),(32,640,'','ge-2/3/0.0'),(31,640,'','DeviceID'),(33,641,'','27'),(32,641,'','lo0'),(31,641,'','DeviceID'),(33,642,'','27'),(32,642,'','lo0.0'),(31,642,'','DeviceID'),(33,643,'','27'),(32,643,'','xe-0/0/0'),(31,643,'','DeviceID'),(33,644,'','27'),(32,644,'','xe-0/0/2'),(31,644,'','DeviceID'),(33,645,'','27'),(32,645,'','xe-0/0/2.0'),(31,645,'','DeviceID'),(33,646,'','27'),(32,646,'','xe-0/1/0'),(31,646,'','DeviceID'),(33,647,'','27'),(32,647,'','xe-0/1/1'),(31,647,'','DeviceID'),(33,648,'','27'),(32,648,'','xe-0/1/1.0'),(31,648,'','DeviceID'),(33,649,'','27'),(32,649,'','xe-0/1/3'),(31,649,'','DeviceID'),(33,650,'','27'),(32,650,'','xe-0/1/3.0'),(31,650,'','DeviceID'),(33,651,'','27'),(32,651,'','xe-0/2/0'),(31,651,'','DeviceID'),(33,652,'','27'),(32,652,'','xe-0/2/1'),(31,652,'','DeviceID'),(33,653,'','27'),(32,653,'','xe-0/2/1.0'),(31,653,'','DeviceID'),(33,654,'','27'),(32,654,'','xe-0/2/3'),(31,654,'','DeviceID'),(33,655,'','27'),(32,655,'','xe-0/3/0'),(31,655,'','DeviceID'),(33,656,'','27'),(32,656,'','xe-0/3/1'),(31,656,'','DeviceID'),(33,657,'','27'),(32,657,'','xe-0/3/1.0'),(31,657,'','DeviceID'),(33,658,'','27'),(32,658,'','xe-0/3/2'),(31,658,'','DeviceID'),(33,659,'','27'),(32,659,'','xe-0/3/2.0'),(31,659,'','DeviceID'),(33,660,'','27'),(32,660,'','xe-0/3/3'),(31,660,'','DeviceID'),(33,661,'','27'),(32,661,'','xe-1/0/0'),(31,661,'','DeviceID'),(33,662,'','27'),(32,662,'','xe-1/1/0'),(31,662,'','DeviceID'),(33,663,'','27'),(32,663,'','xe-1/2/0'),(31,663,'','DeviceID'),(33,664,'','27'),(32,664,'','xe-1/2/0.0'),(31,664,'','DeviceID'),(33,665,'','27'),(32,665,'','xe-1/3/0'),(31,665,'','DeviceID'),(33,666,'','27'),(32,666,'','xe-1/3/0.132'),(31,666,'','DeviceID'),(33,667,'','27'),(32,667,'','xe-3/0/0'),(31,667,'','DeviceID'),(33,668,'','27'),(32,668,'','xe-3/1/0'),(31,668,'','DeviceID'),(33,669,'','27'),(32,669,'','xe-3/2/0'),(31,669,'','DeviceID'),(33,670,'','27'),(32,670,'','xe-3/2/0.0'),(31,670,'','DeviceID'),(33,671,'','27'),(32,671,'','xe-3/3/0'),(31,671,'','DeviceID'),(33,672,'','27'),(32,672,'','xe-3/3/0.0'),(31,672,'','DeviceID'),(33,673,'','27'),(32,673,'','xe-4/0/0'),(31,673,'','DeviceID'),(33,674,'','27'),(32,674,'','xe-4/0/0.1555'),(31,674,'','DeviceID'),(33,675,'','27'),(32,675,'','xe-4/1/0'),(31,675,'','DeviceID'),(33,676,'','27'),(32,676,'','xe-4/1/0.0'),(31,676,'','DeviceID'),(33,677,'','27'),(32,677,'','xe-4/2/0'),(31,677,'','DeviceID'),(33,678,'','27'),(32,678,'','xe-4/2/0.0'),(31,678,'','DeviceID'),(33,679,'','27'),(32,679,'','xe-4/3/0'),(31,679,'','DeviceID'),(33,680,'','27'),(32,680,'','xe-4/3/0.0'),(31,680,'','DeviceID'),(33,681,'',''),(32,681,'',''),(31,681,'',''),(32,690,'','ae1'),(33,690,'','27'),(33,682,'',''),(32,682,'',''),(31,682,'',''),(31,689,'','DeviceID'),(33,683,'',''),(32,683,'',''),(31,683,'',''),(32,689,'','ae0.0'),(33,689,'','27'),(33,684,'',''),(32,684,'',''),(31,684,'',''),(31,688,'','DeviceID'),(33,685,'',''),(32,685,'',''),(31,685,'',''),(32,688,'','ae0'),(33,688,'','27'),(33,686,'',''),(32,686,'',''),(31,686,'',''),(32,691,'','ae1.0'),(33,691,'','27'),(33,687,'',''),(32,687,'',''),(31,687,'',''),(31,690,'','DeviceID'),(31,691,'','DeviceID'),(33,692,'','27'),(32,692,'','ae15'),(31,692,'','DeviceID'),(33,693,'','27'),(32,693,'','ae15.0'),(31,693,'','DeviceID'),(33,694,'','27'),(32,694,'','ae16.0'),(31,694,'','DeviceID'),(33,695,'','27'),(32,695,'','ae17'),(31,695,'','DeviceID'),(33,696,'','27'),(32,696,'','ae17.1555'),(31,696,'','DeviceID'),(33,697,'','27'),(32,697,'','ae25'),(31,697,'','DeviceID'),(33,698,'','27'),(32,698,'','ae25.132'),(31,698,'','DeviceID'),(33,699,'','27'),(32,699,'','ae30'),(31,699,'','DeviceID'),(33,700,'','27'),(32,700,'','ae31'),(31,700,'','DeviceID'),(33,701,'','27'),(32,701,'','ae5'),(31,701,'','DeviceID'),(33,702,'','27'),(32,702,'','ae6'),(31,702,'','DeviceID'),(33,703,'','27'),(32,703,'','ae8'),(31,703,'','DeviceID'),(33,704,'','27'),(32,704,'','ae8.100'),(31,704,'','DeviceID'),(33,705,'','27'),(32,705,'','ae8.101'),(31,705,'','DeviceID'),(33,706,'','27'),(32,706,'','ae9'),(31,706,'','DeviceID'),(33,707,'','27'),(32,707,'','ae9.550'),(31,707,'','DeviceID'),(33,708,'','27'),(32,708,'','ge-2/0/0'),(31,708,'','DeviceID'),(33,709,'','27'),(32,709,'','ge-2/0/1'),(31,709,'','DeviceID'),(33,710,'','27'),(32,710,'','ge-2/0/2'),(31,710,'','DeviceID'),(33,711,'','27'),(32,711,'','ge-2/0/3'),(31,711,'','DeviceID'),(33,712,'','27'),(32,712,'','ge-2/0/4'),(31,712,'','DeviceID'),(33,713,'','27'),(32,713,'','ge-2/0/4.100'),(31,713,'','DeviceID'),(33,714,'','27'),(32,714,'','ge-2/0/4.101'),(31,714,'','DeviceID'),(33,715,'','27'),(32,715,'','ge-2/0/5'),(31,715,'','DeviceID'),(33,716,'','27'),(32,716,'','ge-2/0/5.550'),(31,716,'','DeviceID'),(33,717,'','27'),(32,717,'','ge-2/0/6'),(31,717,'','DeviceID'),(33,718,'','27'),(32,718,'','ge-2/0/6.16'),(31,718,'','DeviceID'),(33,719,'','27'),(32,719,'','ge-2/0/7'),(31,719,'','DeviceID'),(33,720,'','27'),(32,720,'','ge-2/0/7.0'),(31,720,'','DeviceID'),(33,721,'','27'),(32,721,'','ge-2/0/9'),(31,721,'','DeviceID'),(33,722,'','27'),(32,722,'','ge-2/0/9.10'),(31,722,'','DeviceID'),(33,723,'','27'),(32,723,'','ge-2/0/9.100'),(31,723,'','DeviceID'),(33,724,'','27'),(32,724,'','ge-2/0/9.11'),(31,724,'','DeviceID'),(33,725,'','27'),(32,725,'','ge-2/0/9.14'),(31,725,'','DeviceID'),(33,726,'','27'),(32,726,'','ge-2/0/9.15'),(31,726,'','DeviceID'),(33,727,'','27'),(32,727,'','ge-2/0/9.1555'),(31,727,'','DeviceID'),(33,728,'','27'),(32,728,'','ge-2/0/9.18'),(31,728,'','DeviceID'),(33,729,'','27'),(32,729,'','ge-2/0/9.22'),(31,729,'','DeviceID'),(33,730,'','27'),(32,730,'','ge-2/0/9.524'),(31,730,'','DeviceID'),(33,731,'','27'),(32,731,'','ge-2/0/9.842'),(31,731,'','DeviceID'),(33,732,'','27'),(32,732,'','ge-2/0/9.9'),(31,732,'','DeviceID'),(33,733,'','27'),(32,733,'','ge-2/1/0'),(31,733,'','DeviceID'),(33,734,'','27'),(32,734,'','ge-2/1/0.0'),(31,734,'','DeviceID'),(33,735,'','27'),(32,735,'','ge-2/1/1'),(31,735,'','DeviceID'),(33,736,'','27'),(32,736,'','ge-2/1/1.550'),(31,736,'','DeviceID'),(33,737,'','27'),(32,737,'','ge-2/1/1.551'),(31,737,'','DeviceID'),(33,738,'','27'),(32,738,'','ge-2/1/1.552'),(31,738,'','DeviceID'),(33,739,'','27'),(32,739,'','ge-2/1/1.553'),(31,739,'','DeviceID'),(33,740,'','27'),(32,740,'','ge-2/1/4'),(31,740,'','DeviceID'),(33,741,'','27'),(32,741,'','ge-2/2/5'),(31,741,'','DeviceID'),(33,742,'','27'),(32,742,'','ge-2/2/5.550'),(31,742,'','DeviceID'),(33,743,'','27'),(32,743,'','ge-2/2/8'),(31,743,'','DeviceID'),(33,744,'','27'),(32,744,'','ge-2/2/8.0'),(31,744,'','DeviceID'),(33,745,'','27'),(32,745,'','ge-2/2/9'),(31,745,'','DeviceID'),(33,746,'','27'),(32,746,'','ge-2/2/9.31'),(31,746,'','DeviceID'),(33,747,'','27'),(32,747,'','ge-2/2/9.32'),(31,747,'','DeviceID'),(33,748,'','27'),(32,748,'','ge-2/3/0'),(31,748,'','DeviceID'),(33,749,'','27'),(32,749,'','ge-2/3/0.0'),(31,749,'','DeviceID'),(33,750,'','27'),(32,750,'','lo0'),(31,750,'','DeviceID'),(33,751,'','27'),(32,751,'','lo0.0'),(31,751,'','DeviceID'),(33,752,'','27'),(32,752,'','xe-0/0/0'),(31,752,'','DeviceID'),(33,753,'','27'),(32,753,'','xe-0/0/2'),(31,753,'','DeviceID'),(33,754,'','27'),(32,754,'','xe-0/0/2.0'),(31,754,'','DeviceID'),(33,755,'','27'),(32,755,'','xe-0/1/0'),(31,755,'','DeviceID'),(33,756,'','27'),(32,756,'','xe-0/1/1'),(31,756,'','DeviceID'),(33,757,'','27'),(32,757,'','xe-0/1/1.0'),(31,757,'','DeviceID'),(33,758,'','27'),(32,758,'','xe-0/1/3'),(31,758,'','DeviceID'),(33,759,'','27'),(32,759,'','xe-0/1/3.0'),(31,759,'','DeviceID'),(33,760,'','27'),(32,760,'','xe-0/2/0'),(31,760,'','DeviceID'),(33,761,'','27'),(32,761,'','xe-0/2/1'),(31,761,'','DeviceID'),(33,762,'','27'),(32,762,'','xe-0/2/1.0'),(31,762,'','DeviceID'),(33,763,'','27'),(32,763,'','xe-0/2/3'),(31,763,'','DeviceID'),(33,764,'','27'),(32,764,'','xe-0/3/0'),(31,764,'','DeviceID'),(33,765,'','27'),(32,765,'','xe-0/3/1'),(31,765,'','DeviceID'),(33,766,'','27'),(32,766,'','xe-0/3/1.0'),(31,766,'','DeviceID'),(33,767,'','27'),(32,767,'','xe-0/3/2'),(31,767,'','DeviceID'),(33,768,'','27'),(32,768,'','xe-0/3/2.0'),(31,768,'','DeviceID'),(33,769,'','27'),(32,769,'','xe-0/3/3'),(31,769,'','DeviceID'),(33,770,'','27'),(32,770,'','xe-1/0/0'),(31,770,'','DeviceID'),(33,771,'','27'),(32,771,'','xe-1/1/0'),(31,771,'','DeviceID'),(33,772,'','27'),(32,772,'','xe-1/2/0'),(31,772,'','DeviceID'),(33,773,'','27'),(32,773,'','xe-1/2/0.0'),(31,773,'','DeviceID'),(33,774,'','27'),(32,774,'','xe-1/3/0'),(31,774,'','DeviceID'),(33,775,'','27'),(32,775,'','xe-1/3/0.132'),(31,775,'','DeviceID'),(33,776,'','27'),(32,776,'','xe-3/0/0'),(31,776,'','DeviceID'),(33,777,'','27'),(32,777,'','xe-3/1/0'),(31,777,'','DeviceID'),(33,778,'','27'),(32,778,'','xe-3/2/0'),(31,778,'','DeviceID'),(33,779,'','27'),(32,779,'','xe-3/2/0.0'),(31,779,'','DeviceID'),(33,780,'','27'),(32,780,'','xe-3/3/0'),(31,780,'','DeviceID'),(33,781,'','27'),(32,781,'','xe-3/3/0.0'),(31,781,'','DeviceID'),(33,782,'','27'),(32,782,'','xe-4/0/0'),(31,782,'','DeviceID'),(33,783,'','27'),(32,783,'','xe-4/0/0.1555'),(31,783,'','DeviceID'),(33,784,'','27'),(32,784,'','xe-4/1/0'),(31,784,'','DeviceID'),(33,785,'','27'),(32,785,'','xe-4/1/0.0'),(31,785,'','DeviceID'),(33,786,'','27'),(32,786,'','xe-4/2/0'),(31,786,'','DeviceID'),(33,787,'','27'),(32,787,'','xe-4/2/0.0'),(31,787,'','DeviceID'),(33,788,'','27'),(32,788,'','xe-4/3/0'),(31,788,'','DeviceID'),(33,789,'','27'),(32,789,'','xe-4/3/0.0'),(31,789,'','DeviceID'),(33,790,'','28'),(32,790,'','12.1.0.0'),(31,790,'','DeviceID'),(33,791,'','28'),(32,791,'','7.1.0.0'),(31,791,'','DeviceID'),(33,792,'','28'),(32,792,'','7.2.0.0'),(31,792,'','DeviceID'),(33,793,'','28'),(32,793,'','7.3.0.0'),(31,793,'','DeviceID'),(33,794,'','28'),(32,794,'','7.4.0.0'),(31,794,'','DeviceID'),(33,795,'','28'),(32,795,'','7.5.0.0'),(31,795,'','DeviceID'),(33,796,'','28'),(32,796,'','9.1.0.0'),(31,796,'','DeviceID'),(33,797,'on',''),(32,797,'on',''),(31,797,'on',''),(33,798,'on',''),(32,798,'on',''),(31,798,'on',''),(33,799,'on',''),(32,799,'on',''),(31,799,'on',''),(33,800,'on',''),(32,800,'on',''),(31,800,'on','');
/*!40000 ALTER TABLE `data_input_data` ENABLE KEYS */;
UNLOCK TABLES;

--
-- Table structure for table `data_input_fields`
--

DROP TABLE IF EXISTS `data_input_fields`;
/*!40101 SET @saved_cs_client     = @@character_set_client */;
/*!40101 SET character_set_client = utf8 */;
CREATE TABLE `data_input_fields` (
  `id` mediumint(8) unsigned NOT NULL auto_increment,
  `hash` varchar(32) NOT NULL default '',
  `data_input_id` mediumint(8) unsigned NOT NULL default '0',
  `name` varchar(200) NOT NULL default '',
  `data_name` varchar(50) NOT NULL default '',
  `input_output` char(3) NOT NULL default '',
  `update_rra` char(2) default '0',
  `sequence` smallint(5) NOT NULL default '0',
  `type_code` varchar(40) default NULL,
  `regexp_match` varchar(200) default NULL,
  `allow_nulls` char(2) default NULL,
  PRIMARY KEY  (`id`),
  KEY `data_input_id` (`data_input_id`),
  KEY `type_code` (`type_code`)
) ENGINE=MyISAM AUTO_INCREMENT=54 DEFAULT CHARSET=latin1;
/*!40101 SET character_set_client = @saved_cs_client */;

--
-- Dumping data for table `data_input_fields`
--

LOCK TABLES `data_input_fields` WRITE;
/*!40000 ALTER TABLE `data_input_fields` DISABLE KEYS */;
INSERT INTO `data_input_fields` VALUES (1,'92f5906c8dc0f964b41f4253df582c38',1,'SNMP IP Address','management_ip','in','',0,'hostname','',''),(2,'32285d5bf16e56c478f5e83f32cda9ef',1,'SNMP Community','snmp_community','in','',0,'snmp_community','',''),(3,'ad14ac90641aed388139f6ba86a2e48b',1,'SNMP Username','snmp_username','in','',0,'snmp_username','','on'),(4,'9c55a74bd571b4f00a96fd4b793278c6',1,'SNMP Password','snmp_password','in','',0,'snmp_password','','on'),(5,'012ccb1d3687d3edb29c002ea66e72da',1,'SNMP Version (1, 2, or 3)','snmp_version','in','',0,'snmp_version','','on'),(6,'4276a5ec6e3fe33995129041b1909762',1,'OID','oid','in','',0,'snmp_oid','',''),(7,'617cdc8a230615e59f06f361ef6e7728',2,'SNMP IP Address','management_ip','in','',0,'hostname','',''),(8,'acb449d1451e8a2a655c2c99d31142c7',2,'SNMP Community','snmp_community','in','',0,'snmp_community','',''),(9,'f4facc5e2ca7ebee621f09bc6d9fc792',2,'SNMP Username (v3)','snmp_username','in','',0,'snmp_username','','on'),(10,'1cc1493a6781af2c478fa4de971531cf',2,'SNMP Password (v3)','snmp_password','in','',0,'snmp_password','','on'),(11,'b5c23f246559df38662c255f4aa21d6b',2,'SNMP Version (1, 2, or 3)','snmp_version','in','',0,'snmp_version','',''),(12,'6027a919c7c7731fbe095b6f53ab127b',2,'Index Type','index_type','in','',0,'index_type','',''),(13,'cbbe5c1ddfb264a6e5d509ce1c78c95f',2,'Index Value','index_value','in','',0,'index_value','',''),(14,'e6deda7be0f391399c5130e7c4a48b28',2,'Output Type ID','output_type','in','',0,'output_type','',''),(15,'edfd72783ad02df128ff82fc9324b4b9',3,'Disk Partition','partition','in','',1,'','',''),(16,'8b75fb61d288f0b5fc0bd3056af3689b',3,'Kilobytes Free','kilobytes','out','on',0,'','',''),(17,'363588d49b263d30aecb683c52774f39',4,'1 Minute Average','1min','out','on',0,'','',''),(18,'ad139a9e1d69881da36fca07889abf58',4,'5 Minute Average','5min','out','on',0,'','',''),(19,'5db9fee64824c08258c7ff6f8bc53337',4,'10 Minute Average','10min','out','on',0,'','',''),(20,'c0cfd0beae5e79927c5a360076706820',5,'Username (Optional)','username','in','',1,'','','on'),(21,'52c58ad414d9a2a83b00a7a51be75a53',5,'Logged In Users','users','out','on',0,'','',''),(22,'05eb5d710f0814871b8515845521f8d7',6,'Grep String','grepstr','in','',1,'','',''),(23,'86cb1cbfde66279dbc7f1144f43a3219',6,'Result (in Kilobytes)','kilobytes','out','on',0,'','',''),(24,'d5a8dd5fbe6a5af11667c0039af41386',7,'Number of Processes','proc','out','on',0,'','',''),(25,'8848cdcae831595951a3f6af04eec93b',8,'Grep String','grepstr','in','',1,'','','on'),(26,'3d1288d33008430ce354e8b9c162f7ff',8,'Connections','connections','out','on',0,'','',''),(27,'c6af570bb2ed9c84abf32033702e2860',9,'(Optional) Log Path','log_path','in','',1,'','','on'),(28,'f9389860f5c5340c9b27fca0b4ee5e71',9,'Web Hits','webhits','out','on',0,'','',''),(29,'5fbadb91ad66f203463c1187fe7bd9d5',10,'IP Address','ip','in','',1,'hostname','',''),(30,'6ac4330d123c69067d36a933d105e89a',10,'Milliseconds','out_ms','out','on',0,'','',''),(31,'d39556ecad6166701bfb0e28c5a11108',11,'Index Type','index_type','in','',0,'index_type','',''),(32,'3b7caa46eb809fc238de6ef18b6e10d5',11,'Index Value','index_value','in','',0,'index_value','',''),(33,'74af2e42dc12956c4817c2ef5d9983f9',11,'Output Type ID','output_type','in','',0,'output_type','',''),(34,'8ae57f09f787656bf4ac541e8bd12537',11,'Output Value','output','out','on',0,'','',''),(35,'172b4b0eacee4948c6479f587b62e512',12,'Index Type','index_type','in','',0,'index_type','',''),(36,'30fb5d5bcf3d66bb5abe88596f357c26',12,'Index Value','index_value','in','',0,'index_value','',''),(37,'31112c85ae4ff821d3b288336288818c',12,'Output Type ID','output_type','in','',0,'output_type','',''),(38,'5be8fa85472d89c621790b43510b5043',12,'Output Value','output','out','on',0,'','',''),(39,'c1f36ee60c3dc98945556d57f26e475b',2,'SNMP Port','snmp_port','in','',0,'snmp_port','',''),(40,'fc64b99742ec417cc424dbf8c7692d36',1,'SNMP Port','snmp_port','in','',0,'snmp_port','',''),(41,'20832ce12f099c8e54140793a091af90',1,'SNMP Authenticaion Protocol (v3)','snmp_auth_protocol','in','',0,'snmp_auth_protocol','',''),(42,'c60c9aac1e1b3555ea0620b8bbfd82cb',1,'SNMP Privacy Passphrase (v3)','snmp_priv_passphrase','in','',0,'snmp_priv_passphrase','',''),(43,'feda162701240101bc74148415ef415a',1,'SNMP Privacy Protocol (v3)','snmp_priv_protocol','in','',0,'snmp_priv_protocol','',''),(44,'2cf7129ad3ff819a7a7ac189bee48ce8',2,'SNMP Authenticaion Protocol (v3)','snmp_auth_protocol','in','',0,'snmp_auth_protocol','',''),(45,'6b13ac0a0194e171d241d4b06f913158',2,'SNMP Privacy Passphrase (v3)','snmp_priv_passphrase','in','',0,'snmp_priv_passphrase','',''),(46,'3a33d4fc65b8329ab2ac46a36da26b72',2,'SNMP Privacy Protocol (v3)','snmp_priv_protocol','in','',0,'snmp_priv_protocol','','');
/*!40000 ALTER TABLE `data_input_fields` ENABLE KEYS */;
UNLOCK TABLES;

--
-- Table structure for table `data_local`
--

DROP TABLE IF EXISTS `data_local`;
/*!40101 SET @saved_cs_client     = @@character_set_client */;
/*!40101 SET character_set_client = utf8 */;
CREATE TABLE `data_local` (
  `id` mediumint(8) unsigned NOT NULL auto_increment,
  `data_template_id` mediumint(8) unsigned NOT NULL default '0',
  `host_id` mediumint(8) unsigned NOT NULL default '0',
  `snmp_query_id` mediumint(8) NOT NULL default '0',
  `snmp_index` varchar(255) NOT NULL default '',
  PRIMARY KEY  (`id`)
) ENGINE=MyISAM AUTO_INCREMENT=730 DEFAULT CHARSET=latin1;
/*!40101 SET character_set_client = @saved_cs_client */;

--
-- Dumping data for table `data_local`
--

LOCK TABLES `data_local` WRITE;
/*!40000 ALTER TABLE `data_local` DISABLE KEYS */;
/*!40000 ALTER TABLE `data_local` ENABLE KEYS */;
UNLOCK TABLES;

--
-- Table structure for table `data_template`
--

DROP TABLE IF EXISTS `data_template`;
/*!40101 SET @saved_cs_client     = @@character_set_client */;
/*!40101 SET character_set_client = utf8 */;
CREATE TABLE `data_template` (
  `id` mediumint(8) unsigned NOT NULL auto_increment,
  `hash` varchar(32) NOT NULL default '',
  `name` varchar(150) NOT NULL default '',
  PRIMARY KEY  (`id`)
) ENGINE=MyISAM AUTO_INCREMENT=58 DEFAULT CHARSET=latin1;
/*!40101 SET character_set_client = @saved_cs_client */;

--
-- Dumping data for table `data_template`
--

LOCK TABLES `data_template` WRITE;
/*!40000 ALTER TABLE `data_template` DISABLE KEYS */;
INSERT INTO `data_template` VALUES (3,'c8a8f50f5f4a465368222594c5709ede','ucd/net - Hard Drive Space'),(4,'cdfed2d401723d2f41fc239d4ce249c7','ucd/net - CPU Usage - System'),(5,'a27e816377d2ac6434a87c494559c726','ucd/net - CPU Usage - User'),(6,'c06c3d20eccb9598939dc597701ff574','ucd/net - CPU Usage - Nice'),(7,'a14f2d6f233b05e64263ff03a5b0b386','Karlnet - Noise Level'),(8,'def1a9019d888ed2ad2e106aa9595ede','Karlnet - Signal Level'),(9,'513a99ae3c9c4413609c1534ffc36eab','Karlnet - Wireless Transmits'),(10,'77404ae93c9cc410f1c2c717e7117378','Karlnet - Wireless Re-Transmits'),(11,'9e72511e127de200733eb502eb818e1d','Unix - Load Average'),(13,'dc33aa9a8e71fb7c61ec0e7a6da074aa','Linux - Memory - Free'),(15,'41f55087d067142d702dd3c73c98f020','Linux - Memory - Free Swap'),(16,'9b8c92d3c32703900ff7dd653bfc9cd8','Unix - Processes'),(17,'c221c2164c585b6da378013a7a6a2c13','Unix - Logged in Users'),(18,'a30a81cb1de65b52b7da542c8df3f188','Unix - Ping Host'),(19,'0de466a1b81dfe581d44ac014b86553a','Netware - Total Users'),(20,'bbe2da0708103029fbf949817d3a4537','Netware - Total Logins'),(22,'e4ac5d5fe73e3c773671c6d0498a8d9d','Netware - File System Reads'),(23,'f29f8c998425eedd249be1e7caf90ceb','Netware - File System Writes'),(24,'7a6216a113e19881e35565312db8a371','Netware - Cache Checks'),(25,'1dbd1251c8e94b334c0e6aeae5ca4b8d','Netware - Cache Hits'),(26,'1a4c5264eb27b5e57acd3160af770a61','Netware - Open Files'),(27,'e9def3a0e409f517cb804dfeba4ccd90','Cisco Router - 5 Minute CPU'),(30,'9b82d44eb563027659683765f92c9757','ucd/net - Load Average - 1 Minute'),(31,'87847714d19f405ff3c74f3341b3f940','ucd/net - Load Average - 5 Minute'),(32,'308ac157f24e2763f8cd828a80b3e5ff','ucd/net - Load Average - 15 Minute'),(33,'797a3e92b0039841b52e441a2823a6fb','ucd/net - Memory - Buffers'),(34,'fa15932d3cab0da2ab94c69b1a9f5ca7','ucd/net - Memory - Free'),(35,'6ce4ab04378f9f3b03ee0623abb6479f','Netware - Volumes'),(36,'03060555fab086b8412bbf9951179cd9','Netware - Directory Entries'),(37,'e4ac6919d4f6f21ec5b281a1d6ac4d4e','Unix - Hard Drive Space'),(38,'36335cd98633963a575b70639cd2fdad','Interface - Errors/Discards'),(39,'2f654f7d69ac71a5d56b1db8543ccad3','Interface - Unicast Packets'),(40,'c84e511401a747409053c90ba910d0fe','Interface - Non-Unicast Packets'),(41,'6632e1e0b58a565c135d7ff90440c335','Interface - Traffic'),(42,'1d17325f416b262921a0b55fe5f7e31d','Netware - CPU Utilization'),(43,'d814fa3b79bd0f8933b6e0834d3f16d0','Host MIB - Hard Drive Space'),(44,'f6e7d21c19434666bbdac00ccef9932f','Host MIB - CPU Utilization'),(45,'f383db441d1c246cff8482f15e184e5f','Host MIB - Processes'),(46,'2ef027cc76d75720ee5f7a528f0f1fda','Host MIB - Logged in Users'),(47,'a274deec1f78654dca6c446ba75ebca4','ucd/net - Memory - Cache'),(48,'d429e4a6019c91e6e84562593c1968ca','SNMP - Generic OID Template'),(56,'83b426760e5c95c9987161ad81436bb7','Ionix - Temperature'),(55,'2fb03ab5a66601ee0f5925bf0b34a184','Ionix Interface Utilizatoin'),(57,'6f4c3ebdda4f606a0cada8077ded0240','Ionix - Processor');
/*!40000 ALTER TABLE `data_template` ENABLE KEYS */;
UNLOCK TABLES;

--
-- Table structure for table `data_template_data`
--

DROP TABLE IF EXISTS `data_template_data`;
/*!40101 SET @saved_cs_client     = @@character_set_client */;
/*!40101 SET character_set_client = utf8 */;
CREATE TABLE `data_template_data` (
  `id` mediumint(8) unsigned NOT NULL auto_increment,
  `local_data_template_data_id` mediumint(8) unsigned NOT NULL default '0',
  `local_data_id` mediumint(8) unsigned NOT NULL default '0',
  `data_template_id` mediumint(8) unsigned NOT NULL default '0',
  `data_input_id` mediumint(8) unsigned NOT NULL default '0',
  `t_name` char(2) default NULL,
  `name` varchar(250) NOT NULL default '',
  `name_cache` varchar(255) NOT NULL default '',
  `data_source_path` varchar(255) default NULL,
  `t_active` char(2) default NULL,
  `active` char(2) default NULL,
  `t_rrd_step` char(2) default NULL,
  `rrd_step` mediumint(8) unsigned NOT NULL default '0',
  `t_rra_id` char(2) default NULL,
  PRIMARY KEY  (`id`),
  KEY `local_data_id` (`local_data_id`),
  KEY `data_template_id` (`data_template_id`),
  KEY `data_input_id` (`data_input_id`)
) ENGINE=MyISAM AUTO_INCREMENT=801 DEFAULT CHARSET=latin1;
/*!40101 SET character_set_client = @saved_cs_client */;

--
-- Dumping data for table `data_template_data`
--

LOCK TABLES `data_template_data` WRITE;
/*!40000 ALTER TABLE `data_template_data` DISABLE KEYS */;
INSERT INTO `data_template_data` VALUES (3,0,0,3,2,'on','|host_description| - Hard Drive Space','',NULL,'','on','',300,''),(4,0,0,4,1,'','|host_description| - CPU Usage - System','',NULL,'','on','',300,''),(5,0,0,5,1,'','|host_description| - CPU Usage - User','',NULL,'','on','',300,''),(6,0,0,6,1,'','|host_description| - CPU Usage - Nice','',NULL,'','on','',300,''),(7,0,0,7,2,'on','|host_description| - Noise Level','',NULL,'','on','',300,''),(8,0,0,8,2,'on','|host_description| - Signal Level','',NULL,'','on','',300,''),(9,0,0,9,2,'on','|host_description| - Wireless Transmits','',NULL,'','on','',300,''),(10,0,0,10,2,'on','|host_description| - Wireless Re-Transmits','',NULL,'','on','',300,''),(11,0,0,11,4,'','|host_description| - Load Average','',NULL,'','on','',300,''),(13,0,0,13,6,'','|host_description| - Memory - Free','',NULL,'','on','',300,''),(15,0,0,15,6,'','|host_description| - Memory - Free Swap','',NULL,'','on','',300,''),(16,0,0,16,7,'','|host_description| - Processes','',NULL,'','on','',300,''),(17,0,0,17,5,'','|host_description| - Logged in Users','',NULL,'','on','',300,''),(18,0,0,18,10,'','|host_description| - Ping Host','',NULL,'','on','',300,''),(19,0,0,19,1,'','|host_description| - Total Users','',NULL,'','on','',300,''),(20,0,0,20,1,'','|host_description| - Total Logins','',NULL,'','on','',300,''),(22,0,0,22,1,'','|host_description| - File System Reads','',NULL,'','on','',300,''),(23,0,0,23,1,'','|host_description| - File System Writes','',NULL,'','on','',300,''),(24,0,0,24,1,'','|host_description| - Cache Checks','',NULL,'','on','',300,''),(25,0,0,25,1,'','|host_description| - Cache Hits','',NULL,'','on','',300,''),(26,0,0,26,1,'','|host_description| - Open Files','',NULL,'','on','',300,''),(27,0,0,27,1,'','|host_description| - 5 Minute CPU','',NULL,'','on','',300,''),(30,0,0,30,1,'','|host_description| - Load Average - 1 Minute','',NULL,'','on','',300,''),(31,0,0,31,1,'','|host_description| - Load Average - 5 Minute','',NULL,'','on','',300,''),(32,0,0,32,1,'','|host_description| - Load Average - 15 Minute','',NULL,'','on','',300,''),(33,0,0,33,1,'','|host_description| - Memory - Buffers','',NULL,'','on','',300,''),(34,0,0,34,1,'','|host_description| - Memory - Free','',NULL,'','on','',300,''),(35,0,0,35,2,'on','|host_description| - Volumes','',NULL,'','on','',300,''),(36,0,0,36,2,'on','|host_description| - Directory Entries','',NULL,'','on','',300,''),(37,0,0,37,11,'on','|host_description| - Hard Drive Space','',NULL,'','on','',300,''),(38,0,0,38,2,'on','|host_description| - Errors/Discards','',NULL,'','on','',300,''),(39,0,0,39,2,'on','|host_description| - Unicast Packets','',NULL,'','on','',300,''),(40,0,0,40,2,'on','|host_description| - Non-Unicast Packets','',NULL,'','on','',300,''),(41,0,0,41,2,'on','|host_description| - Traffic','',NULL,'','on','',300,''),(55,0,0,42,2,'','|host_description| - CPU Utilization','',NULL,'','on','',300,''),(56,0,0,43,12,'','|host_description| - Hard Drive Space','',NULL,'','on','',300,''),(57,0,0,44,12,'','|host_description| - CPU Utilization','',NULL,'','on','',300,''),(58,0,0,45,1,'','|host_description| - Processes','',NULL,'','on','',300,''),(59,0,0,46,1,'','|host_description| - Logged in Users','',NULL,'','on','',300,''),(798,0,0,55,11,'','|host_description| - Interface Utilization - |query_DeviceID| - |query_InterfaceAlias|','',NULL,'','on','',300,''),(799,0,0,56,11,'','|host_description| -  Temperature - |query_DeviceID|','',NULL,'','on','',300,''),(800,0,0,57,11,'','|host_description| -  Processor - |query_Description|','',NULL,'','on','',300,''),(68,0,0,47,1,'','|host_description| - Memory - Cache','',NULL,'','on','',300,''),(69,0,0,48,1,'on','|host_description| -','',NULL,'','on','',300,'');
/*!40000 ALTER TABLE `data_template_data` ENABLE KEYS */;
UNLOCK TABLES;

--
-- Table structure for table `data_template_data_rra`
--

DROP TABLE IF EXISTS `data_template_data_rra`;
/*!40101 SET @saved_cs_client     = @@character_set_client */;
/*!40101 SET character_set_client = utf8 */;
CREATE TABLE `data_template_data_rra` (
  `data_template_data_id` mediumint(8) unsigned NOT NULL default '0',
  `rra_id` mediumint(8) unsigned NOT NULL default '0',
  PRIMARY KEY  (`data_template_data_id`,`rra_id`),
  KEY `data_template_data_id` (`data_template_data_id`)
) ENGINE=MyISAM DEFAULT CHARSET=latin1;
/*!40101 SET character_set_client = @saved_cs_client */;

--
-- Dumping data for table `data_template_data_rra`
--

LOCK TABLES `data_template_data_rra` WRITE;
/*!40000 ALTER TABLE `data_template_data_rra` DISABLE KEYS */;
INSERT INTO `data_template_data_rra` VALUES (3,1),(3,2),(3,3),(3,4),(4,1),(4,2),(4,3),(4,4),(5,1),(5,2),(5,3),(5,4),(6,1),(6,2),(6,3),(6,4),(7,1),(7,2),(7,3),(7,4),(8,1),(8,2),(8,3),(8,4),(9,1),(9,2),(9,3),(9,4),(10,1),(10,2),(10,3),(10,4),(11,1),(11,2),(11,3),(11,4),(13,1),(13,2),(13,3),(13,4),(15,1),(15,2),(15,3),(15,4),(16,1),(16,2),(16,3),(16,4),(17,1),(17,2),(17,3),(17,4),(18,1),(18,2),(18,3),(18,4),(19,1),(19,2),(19,3),(19,4),(20,1),(20,2),(20,3),(20,4),(22,1),(22,2),(22,3),(22,4),(23,1),(23,2),(23,3),(23,4),(24,1),(24,2),(24,3),(24,4),(25,1),(25,2),(25,3),(25,4),(26,1),(26,2),(26,3),(26,4),(27,1),(27,2),(27,3),(27,4),(30,1),(30,2),(30,3),(30,4),(31,1),(31,2),(31,3),(31,4),(32,1),(32,2),(32,3),(32,4),(33,1),(33,2),(33,3),(33,4),(34,1),(34,2),(34,3),(34,4),(35,1),(35,2),(35,3),(35,4),(36,1),(36,2),(36,3),(36,4),(37,1),(37,2),(37,3),(37,4),(38,1),(38,2),(38,3),(38,4),(39,1),(39,2),(39,3),(39,4),(40,1),(40,2),(40,3),(40,4),(41,1),(41,2),(41,3),(41,4),(55,1),(55,2),(55,3),(55,4),(56,1),(56,2),(56,3),(56,4),(57,1),(57,2),(57,3),(57,4),(58,1),(58,2),(58,3),(58,4),(59,1),(59,2),(59,3),(59,4),(62,1),(62,2),(62,3),(62,4),(63,1),(63,2),(63,3),(63,4),(64,1),(64,2),(64,3),(64,4),(65,1),(65,2),(65,3),(65,4),(66,1),(66,2),(66,3),(66,4),(68,1),(68,2),(68,3),(68,4),(69,1),(69,2),(69,3),(69,4),(70,1),(70,2),(70,3),(70,4),(72,1),(72,2),(72,3),(72,4),(72,5),(73,1),(73,2),(73,3),(73,4),(73,5),(74,1),(74,2),(74,3),(74,4),(75,1),(75,2),(75,3),(75,4),(76,1),(76,2),(76,3),(76,4),(77,1),(77,2),(77,3),(77,4),(78,1),(78,2),(78,3),(78,4),(79,1),(79,2),(79,3),(79,4),(80,1),(80,2),(80,3),(80,4),(84,1),(84,2),(84,3),(84,4),(85,1),(85,2),(85,3),(85,4),(86,1),(86,2),(86,3),(86,4),(87,1),(87,2),(87,3),(87,4),(88,1),(88,2),(88,3),(88,4),(89,1),(89,2),(89,3),(89,4),(90,1),(90,2),(90,3),(90,4),(91,1),(91,2),(91,3),(91,4),(92,1),(92,2),(92,3),(92,4),(93,1),(93,2),(93,3),(93,4),(94,1),(94,2),(94,3),(94,4),(95,1),(95,2),(95,3),(95,4),(96,1),(96,2),(96,3),(96,4),(97,1),(97,2),(97,3),(97,4),(98,1),(98,2),(98,3),(98,4),(99,1),(99,2),(99,3),(99,4),(100,1),(100,2),(100,3),(100,4),(101,1),(101,2),(101,3),(101,4),(102,1),(102,2),(102,3),(102,4),(103,1),(103,2),(103,3),(103,4),(103,5),(104,1),(104,2),(104,3),(104,4),(104,5),(105,1),(105,2),(105,3),(105,4),(105,5),(106,1),(106,2),(106,3),(106,4),(106,5),(107,1),(107,2),(107,3),(107,4),(107,5),(108,1),(108,2),(108,3),(108,4),(108,5),(109,1),(109,2),(109,3),(109,4),(109,5),(110,1),(110,2),(110,3),(110,4),(110,5),(111,1),(111,2),(111,3),(111,4),(111,5),(112,1),(112,2),(112,3),(112,4),(112,5),(113,1),(113,2),(113,3),(113,4),(113,5),(114,1),(114,2),(114,3),(114,4),(114,5),(115,1),(115,2),(115,3),(115,4),(115,5),(116,1),(116,2),(116,3),(116,4),(116,5),(117,1),(117,2),(117,3),(117,4),(117,5),(118,1),(118,2),(118,3),(118,4),(118,5),(119,1),(119,2),(119,3),(119,4),(119,5),(120,1),(120,2),(120,3),(120,4),(120,5),(121,1),(121,2),(121,3),(121,4),(121,5),(122,1),(122,2),(122,3),(122,4),(122,5),(123,1),(123,2),(123,3),(123,4),(123,5),(124,1),(124,2),(124,3),(124,4),(124,5),(125,1),(125,2),(125,3),(125,4),(125,5),(126,1),(126,2),(126,3),(126,4),(126,5),(127,1),(127,2),(127,3),(127,4),(127,5),(128,1),(128,2),(128,3),(128,4),(128,5),(129,1),(129,2),(129,3),(129,4),(129,5),(130,1),(130,2),(130,3),(130,4),(130,5),(131,1),(131,2),(131,3),(131,4),(131,5),(132,1),(132,2),(132,3),(132,4),(132,5),(133,1),(133,2),(133,3),(133,4),(133,5),(134,1),(134,2),(134,3),(134,4),(134,5),(135,1),(135,2),(135,3),(135,4),(135,5),(136,1),(136,2),(136,3),(136,4),(136,5),(137,1),(137,2),(137,3),(137,4),(137,5),(138,1),(138,2),(138,3),(138,4),(138,5),(140,1),(140,2),(140,3),(140,4),(140,5),(141,1),(141,2),(141,3),(141,4),(141,5),(142,1),(142,2),(142,3),(142,4),(142,5),(143,1),(143,2),(143,3),(143,4),(143,5),(144,1),(144,2),(144,3),(144,4),(144,5),(145,1),(145,2),(145,3),(145,4),(145,5),(146,1),(146,2),(146,3),(146,4),(146,5),(147,1),(147,2),(147,3),(147,4),(147,5),(148,1),(148,2),(148,3),(148,4),(148,5),(149,1),(149,2),(149,3),(149,4),(149,5),(150,1),(150,2),(150,3),(150,4),(150,5),(151,1),(151,2),(151,3),(151,4),(151,5),(152,1),(152,2),(152,3),(152,4),(152,5),(153,1),(153,2),(153,3),(153,4),(153,5),(154,1),(154,2),(154,3),(154,4),(154,5),(155,1),(155,2),(155,3),(155,4),(155,5),(156,1),(156,2),(156,3),(156,4),(156,5),(157,1),(157,2),(157,3),(157,4),(157,5),(158,1),(158,2),(158,3),(158,4),(158,5),(159,1),(159,2),(159,3),(159,4),(159,5),(160,1),(160,2),(160,3),(160,4),(160,5),(161,1),(161,2),(161,3),(161,4),(161,5),(162,1),(162,2),(162,3),(162,4),(162,5),(163,1),(163,2),(163,3),(163,4),(163,5),(164,1),(164,2),(164,3),(164,4),(164,5),(165,1),(165,2),(165,3),(165,4),(165,5),(166,1),(166,2),(166,3),(166,4),(166,5),(167,1),(167,2),(167,3),(167,4),(167,5),(168,1),(168,2),(168,3),(168,4),(168,5),(169,1),(169,2),(169,3),(169,4),(169,5),(170,1),(170,2),(170,3),(170,4),(170,5),(171,1),(171,2),(171,3),(171,4),(171,5),(172,1),(172,2),(172,3),(172,4),(172,5),(173,1),(173,2),(173,3),(173,4),(173,5),(174,1),(174,2),(174,3),(174,4),(174,5),(175,1),(175,2),(175,3),(175,4),(175,5),(176,1),(176,2),(176,3),(176,4),(176,5),(177,1),(177,2),(177,3),(177,4),(177,5),(178,1),(178,2),(178,3),(178,4),(178,5),(179,1),(179,2),(179,3),(179,4),(179,5),(180,1),(180,2),(180,3),(180,4),(180,5),(181,1),(181,2),(181,3),(181,4),(181,5),(182,1),(182,2),(182,3),(182,4),(182,5),(183,1),(183,2),(183,3),(183,4),(183,5),(184,1),(184,2),(184,3),(184,4),(184,5),(185,1),(185,2),(185,3),(185,4),(185,5),(186,1),(186,2),(186,3),(186,4),(186,5),(187,1),(187,2),(187,3),(187,4),(187,5),(188,1),(188,2),(188,3),(188,4),(188,5),(189,1),(189,2),(189,3),(189,4),(189,5),(190,1),(190,2),(190,3),(190,4),(190,5),(191,1),(191,2),(191,3),(191,4),(191,5),(192,1),(192,2),(192,3),(192,4),(192,5),(193,1),(193,2),(193,3),(193,4),(193,5),(194,1),(194,2),(194,3),(194,4),(194,5),(195,1),(195,2),(195,3),(195,4),(195,5),(196,1),(196,2),(196,3),(196,4),(196,5),(197,1),(197,2),(197,3),(197,4),(197,5),(198,1),(198,2),(198,3),(198,4),(198,5),(199,1),(199,2),(199,3),(199,4),(199,5),(200,1),(200,2),(200,3),(200,4),(200,5),(201,1),(201,2),(201,3),(201,4),(201,5),(202,1),(202,2),(202,3),(202,4),(202,5),(203,1),(203,2),(203,3),(203,4),(203,5),(204,1),(204,2),(204,3),(204,4),(204,5),(205,1),(205,2),(205,3),(205,4),(205,5),(206,1),(206,2),(206,3),(206,4),(206,5),(207,1),(207,2),(207,3),(207,4),(207,5),(208,1),(208,2),(208,3),(208,4),(208,5),(209,1),(209,2),(209,3),(209,4),(209,5),(210,1),(210,2),(210,3),(210,4),(210,5),(211,1),(211,2),(211,3),(211,4),(211,5),(212,1),(212,2),(212,3),(212,4),(212,5),(213,1),(213,2),(213,3),(213,4),(213,5),(214,1),(214,2),(214,3),(214,4),(214,5),(215,1),(215,2),(215,3),(215,4),(215,5),(216,1),(216,2),(216,3),(216,4),(216,5),(217,1),(217,2),(217,3),(217,4),(217,5),(218,1),(218,2),(218,3),(218,4),(218,5),(219,1),(219,2),(219,3),(219,4),(219,5),(220,1),(220,2),(220,3),(220,4),(220,5),(221,1),(221,2),(221,3),(221,4),(221,5),(222,1),(222,2),(222,3),(222,4),(222,5),(223,1),(223,2),(223,3),(223,4),(223,5),(224,1),(224,2),(224,3),(224,4),(224,5),(225,1),(225,2),(225,3),(225,4),(225,5),(226,1),(226,2),(226,3),(226,4),(226,5),(227,1),(227,2),(227,3),(227,4),(227,5),(228,1),(228,2),(228,3),(228,4),(228,5),(229,1),(229,2),(229,3),(229,4),(229,5),(230,1),(230,2),(230,3),(230,4),(230,5),(231,1),(231,2),(231,3),(231,4),(231,5),(232,1),(232,2),(232,3),(232,4),(232,5),(233,1),(233,2),(233,3),(233,4),(233,5),(234,1),(234,2),(234,3),(234,4),(234,5),(235,1),(235,2),(235,3),(235,4),(235,5),(236,1),(236,2),(236,3),(236,4),(236,5),(237,1),(237,2),(237,3),(237,4),(237,5),(238,1),(238,2),(238,3),(238,4),(238,5),(239,1),(239,2),(239,3),(239,4),(239,5),(240,1),(240,2),(240,3),(240,4),(240,5),(241,1),(241,2),(241,3),(241,4),(241,5),(242,1),(242,2),(242,3),(242,4),(242,5),(243,1),(243,2),(243,3),(243,4),(243,5),(244,1),(244,2),(244,3),(244,4),(244,5),(245,1),(245,2),(245,3),(245,4),(245,5),(246,1),(246,2),(246,3),(246,4),(246,5),(247,1),(247,2),(247,3),(247,4),(247,5),(248,1),(248,2),(248,3),(248,4),(248,5),(249,1),(249,2),(249,3),(249,4),(249,5),(250,1),(250,2),(250,3),(250,4),(250,5),(251,1),(251,2),(251,3),(251,4),(251,5),(252,1),(252,2),(252,3),(252,4),(252,5),(253,1),(253,2),(253,3),(253,4),(253,5),(254,1),(254,2),(254,3),(254,4),(254,5),(255,1),(255,2),(255,3),(255,4),(255,5),(256,1),(256,2),(256,3),(256,4),(256,5),(257,1),(257,2),(257,3),(257,4),(257,5),(258,1),(258,2),(258,3),(258,4),(258,5),(259,1),(259,2),(259,3),(259,4),(259,5),(260,1),(260,2),(260,3),(260,4),(260,5),(261,1),(261,2),(261,3),(261,4),(261,5),(262,1),(262,2),(262,3),(262,4),(262,5),(263,1),(263,2),(263,3),(263,4),(263,5),(264,1),(264,2),(264,3),(264,4),(264,5),(265,1),(265,2),(265,3),(265,4),(265,5),(266,1),(266,2),(266,3),(266,4),(266,5),(267,1),(267,2),(267,3),(267,4),(267,5),(268,1),(268,2),(268,3),(268,4),(268,5),(269,1),(269,2),(269,3),(269,4),(269,5),(270,1),(270,2),(270,3),(270,4),(270,5),(271,1),(271,2),(271,3),(271,4),(271,5),(272,1),(272,2),(272,3),(272,4),(272,5),(273,1),(273,2),(273,3),(273,4),(273,5),(274,1),(274,2),(274,3),(274,4),(274,5),(275,1),(275,2),(275,3),(275,4),(275,5),(276,1),(276,2),(276,3),(276,4),(276,5),(277,1),(277,2),(277,3),(277,4),(277,5),(278,1),(278,2),(278,3),(278,4),(278,5),(279,1),(279,2),(279,3),(279,4),(279,5),(280,1),(280,2),(280,3),(280,4),(280,5),(281,1),(281,2),(281,3),(281,4),(281,5),(282,1),(282,2),(282,3),(282,4),(282,5),(283,1),(283,2),(283,3),(283,4),(283,5),(284,1),(284,2),(284,3),(284,4),(284,5),(285,1),(285,2),(285,3),(285,4),(285,5),(286,1),(286,2),(286,3),(286,4),(286,5),(287,1),(287,2),(287,3),(287,4),(287,5),(288,1),(288,2),(288,3),(288,4),(288,5),(289,1),(289,2),(289,3),(289,4),(289,5),(290,1),(290,2),(290,3),(290,4),(290,5),(291,1),(291,2),(291,3),(291,4),(291,5),(292,1),(292,2),(292,3),(292,4),(292,5),(293,1),(293,2),(293,3),(293,4),(293,5),(294,1),(294,2),(294,3),(294,4),(294,5),(295,1),(295,2),(295,3),(295,4),(295,5),(296,1),(296,2),(296,3),(296,4),(296,5),(297,1),(297,2),(297,3),(297,4),(297,5),(298,1),(298,2),(298,3),(298,4),(298,5),(299,1),(299,2),(299,3),(299,4),(299,5),(300,1),(300,2),(300,3),(300,4),(300,5),(301,1),(301,2),(301,3),(301,4),(301,5),(302,1),(302,2),(302,3),(302,4),(302,5),(303,1),(303,2),(303,3),(303,4),(303,5),(304,1),(304,2),(304,3),(304,4),(304,5),(305,1),(305,2),(305,3),(305,4),(305,5),(306,1),(306,2),(306,3),(306,4),(306,5),(307,1),(307,2),(307,3),(307,4),(307,5),(308,1),(308,2),(308,3),(308,4),(308,5),(309,1),(309,2),(309,3),(309,4),(309,5),(310,1),(310,2),(310,3),(310,4),(310,5),(311,1),(311,2),(311,3),(311,4),(311,5),(312,1),(312,2),(312,3),(312,4),(312,5),(313,1),(313,2),(313,3),(313,4),(313,5),(314,1),(314,2),(314,3),(314,4),(314,5),(315,1),(315,2),(315,3),(315,4),(315,5),(316,1),(316,2),(316,3),(316,4),(316,5),(317,1),(317,2),(317,3),(317,4),(317,5),(318,1),(318,2),(318,3),(318,4),(318,5),(319,1),(319,2),(319,3),(319,4),(319,5),(320,1),(320,2),(320,3),(320,4),(320,5),(321,1),(321,2),(321,3),(321,4),(321,5),(322,1),(322,2),(322,3),(322,4),(322,5),(323,1),(323,2),(323,3),(323,4),(323,5),(324,1),(324,2),(324,3),(324,4),(324,5),(325,1),(325,2),(325,3),(325,4),(325,5),(326,1),(326,2),(326,3),(326,4),(326,5),(327,1),(327,2),(327,3),(327,4),(327,5),(328,1),(328,2),(328,3),(328,4),(328,5),(329,1),(329,2),(329,3),(329,4),(329,5),(330,1),(330,2),(330,3),(330,4),(330,5),(331,1),(331,2),(331,3),(331,4),(331,5),(332,1),(332,2),(332,3),(332,4),(332,5),(333,1),(333,2),(333,3),(333,4),(333,5),(334,1),(334,2),(334,3),(334,4),(334,5),(335,1),(335,2),(335,3),(335,4),(335,5),(336,1),(336,2),(336,3),(336,4),(336,5),(337,1),(337,2),(337,3),(337,4),(337,5),(338,1),(338,2),(338,3),(338,4),(338,5),(339,1),(339,2),(339,3),(339,4),(339,5),(340,1),(340,2),(340,3),(340,4),(340,5),(341,1),(341,2),(341,3),(341,4),(341,5),(342,1),(342,2),(342,3),(342,4),(342,5),(343,1),(343,2),(343,3),(343,4),(343,5),(344,1),(344,2),(344,3),(344,4),(344,5),(345,1),(345,2),(345,3),(345,4),(345,5),(346,1),(346,2),(346,3),(346,4),(346,5),(347,1),(347,2),(347,3),(347,4),(347,5),(348,1),(348,2),(348,3),(348,4),(348,5),(349,1),(349,2),(349,3),(349,4),(349,5),(350,1),(350,2),(350,3),(350,4),(350,5),(351,1),(351,2),(351,3),(351,4),(351,5),(352,1),(352,2),(352,3),(352,4),(352,5),(353,1),(353,2),(353,3),(353,4),(353,5),(354,1),(354,2),(354,3),(354,4),(354,5),(355,1),(355,2),(355,3),(355,4),(355,5),(356,1),(356,2),(356,3),(356,4),(356,5),(357,1),(357,2),(357,3),(357,4),(357,5),(358,1),(358,2),(358,3),(358,4),(358,5),(359,1),(359,2),(359,3),(359,4),(359,5),(360,1),(360,2),(360,3),(360,4),(360,5),(361,1),(361,2),(361,3),(361,4),(361,5),(362,1),(362,2),(362,3),(362,4),(362,5),(363,1),(363,2),(363,3),(363,4),(363,5),(364,1),(364,2),(364,3),(364,4),(364,5),(365,1),(365,2),(365,3),(365,4),(365,5),(366,1),(366,2),(366,3),(366,4),(366,5),(367,1),(367,2),(367,3),(367,4),(367,5),(368,1),(368,2),(368,3),(368,4),(368,5),(369,1),(369,2),(369,3),(369,4),(369,5),(370,1),(370,2),(370,3),(370,4),(370,5),(371,1),(371,2),(371,3),(371,4),(371,5),(372,1),(372,2),(372,3),(372,4),(372,5),(373,1),(373,2),(373,3),(373,4),(373,5),(374,1),(374,2),(374,3),(374,4),(374,5),(375,1),(375,2),(375,3),(375,4),(375,5),(376,1),(376,2),(376,3),(376,4),(376,5),(377,1),(377,2),(377,3),(377,4),(377,5),(378,1),(378,2),(378,3),(378,4),(378,5),(379,1),(379,2),(379,3),(379,4),(379,5),(380,1),(380,2),(380,3),(380,4),(380,5),(381,1),(381,2),(381,3),(381,4),(381,5),(382,1),(382,2),(382,3),(382,4),(382,5),(383,1),(383,2),(383,3),(383,4),(383,5),(384,1),(384,2),(384,3),(384,4),(384,5),(385,1),(385,2),(385,3),(385,4),(385,5),(386,1),(386,2),(386,3),(386,4),(386,5),(387,1),(387,2),(387,3),(387,4),(387,5),(388,1),(388,2),(388,3),(388,4),(388,5),(389,1),(389,2),(389,3),(389,4),(389,5),(390,1),(390,2),(390,3),(390,4),(390,5),(391,1),(391,2),(391,3),(391,4),(391,5),(392,1),(392,2),(392,3),(392,4),(392,5),(393,1),(393,2),(393,3),(393,4),(393,5),(394,1),(394,2),(394,3),(394,4),(394,5),(395,1),(395,2),(395,3),(395,4),(395,5),(396,1),(396,2),(396,3),(396,4),(396,5),(397,1),(397,2),(397,3),(397,4),(397,5),(398,1),(398,2),(398,3),(398,4),(398,5),(399,1),(399,2),(399,3),(399,4),(399,5),(400,1),(400,2),(400,3),(400,4),(400,5),(401,1),(401,2),(401,3),(401,4),(401,5),(402,1),(402,2),(402,3),(402,4),(402,5),(403,1),(403,2),(403,3),(403,4),(403,5),(404,1),(404,2),(404,3),(404,4),(404,5),(405,1),(405,2),(405,3),(405,4),(405,5),(406,1),(406,2),(406,3),(406,4),(406,5),(407,1),(407,2),(407,3),(407,4),(407,5),(408,1),(408,2),(408,3),(408,4),(408,5),(409,1),(409,2),(409,3),(409,4),(409,5),(410,1),(410,2),(410,3),(410,4),(410,5),(411,1),(411,2),(411,3),(411,4),(411,5),(412,1),(412,2),(412,3),(412,4),(412,5),(413,1),(413,2),(413,3),(413,4),(413,5),(414,1),(414,2),(414,3),(414,4),(414,5),(415,1),(415,2),(415,3),(415,4),(415,5),(416,1),(416,2),(416,3),(416,4),(416,5),(417,1),(417,2),(417,3),(417,4),(417,5),(418,1),(418,2),(418,3),(418,4),(418,5),(419,1),(419,2),(419,3),(419,4),(419,5),(420,1),(420,2),(420,3),(420,4),(420,5),(421,1),(421,2),(421,3),(421,4),(421,5),(422,1),(422,2),(422,3),(422,4),(422,5),(423,1),(423,2),(423,3),(423,4),(423,5),(424,1),(424,2),(424,3),(424,4),(424,5),(425,1),(425,2),(425,3),(425,4),(425,5),(426,1),(426,2),(426,3),(426,4),(426,5),(427,1),(427,2),(427,3),(427,4),(427,5),(428,1),(428,2),(428,3),(428,4),(428,5),(429,1),(429,2),(429,3),(429,4),(429,5),(430,1),(430,2),(430,3),(430,4),(430,5),(431,1),(431,2),(431,3),(431,4),(431,5),(432,1),(432,2),(432,3),(432,4),(432,5),(433,1),(433,2),(433,3),(433,4),(433,5),(434,1),(434,2),(434,3),(434,4),(434,5),(435,1),(435,2),(435,3),(435,4),(435,5),(436,1),(436,2),(436,3),(436,4),(436,5),(437,1),(437,2),(437,3),(437,4),(437,5),(438,1),(438,2),(438,3),(438,4),(438,5),(439,1),(439,2),(439,3),(439,4),(439,5),(440,1),(440,2),(440,3),(440,4),(440,5),(441,1),(441,2),(441,3),(441,4),(441,5),(442,1),(442,2),(442,3),(442,4),(442,5),(443,1),(443,2),(443,3),(443,4),(443,5),(444,1),(444,2),(444,3),(444,4),(444,5),(445,1),(445,2),(445,3),(445,4),(445,5),(446,1),(446,2),(446,3),(446,4),(446,5),(447,1),(447,2),(447,3),(447,4),(447,5),(448,1),(448,2),(448,3),(448,4),(448,5),(449,1),(449,2),(449,3),(449,4),(449,5),(450,1),(450,2),(450,3),(450,4),(450,5),(451,1),(451,2),(451,3),(451,4),(451,5),(452,1),(452,2),(452,3),(452,4),(452,5),(453,1),(453,2),(453,3),(453,4),(453,5),(454,1),(454,2),(454,3),(454,4),(454,5),(455,1),(455,2),(455,3),(455,4),(455,5),(456,1),(456,2),(456,3),(456,4),(456,5),(457,1),(457,2),(457,3),(457,4),(457,5),(458,1),(458,2),(458,3),(458,4),(458,5),(459,1),(459,2),(459,3),(459,4),(459,5),(460,1),(460,2),(460,3),(460,4),(460,5),(461,1),(461,2),(461,3),(461,4),(461,5),(462,1),(462,2),(462,3),(462,4),(462,5),(463,1),(463,2),(463,3),(463,4),(463,5),(464,1),(464,2),(464,3),(464,4),(464,5),(465,1),(465,2),(465,3),(465,4),(465,5),(466,1),(466,2),(466,3),(466,4),(466,5),(467,1),(467,2),(467,3),(467,4),(467,5),(468,1),(468,2),(468,3),(468,4),(468,5),(469,1),(469,2),(469,3),(469,4),(469,5),(470,1),(470,2),(470,3),(470,4),(470,5),(471,1),(471,2),(471,3),(471,4),(471,5),(472,1),(472,2),(472,3),(472,4),(472,5),(473,1),(473,2),(473,3),(473,4),(473,5),(474,1),(474,2),(474,3),(474,4),(474,5),(475,1),(475,2),(475,3),(475,4),(475,5),(476,1),(476,2),(476,3),(476,4),(476,5),(477,1),(477,2),(477,3),(477,4),(477,5),(478,1),(478,2),(478,3),(478,4),(478,5),(479,1),(479,2),(479,3),(479,4),(479,5),(480,1),(480,2),(480,3),(480,4),(480,5),(481,1),(481,2),(481,3),(481,4),(481,5),(482,1),(482,2),(482,3),(482,4),(482,5),(483,1),(483,2),(483,3),(483,4),(483,5),(484,1),(484,2),(484,3),(484,4),(484,5),(485,1),(485,2),(485,3),(485,4),(485,5),(486,1),(486,2),(486,3),(486,4),(486,5),(487,1),(487,2),(487,3),(487,4),(487,5),(488,1),(488,2),(488,3),(488,4),(488,5),(489,1),(489,2),(489,3),(489,4),(489,5),(490,1),(490,2),(490,3),(490,4),(490,5),(491,1),(491,2),(491,3),(491,4),(491,5),(492,1),(492,2),(492,3),(492,4),(492,5),(493,1),(493,2),(493,3),(493,4),(493,5),(494,1),(494,2),(494,3),(494,4),(494,5),(495,1),(495,2),(495,3),(495,4),(495,5),(496,1),(496,2),(496,3),(496,4),(496,5),(497,1),(497,2),(497,3),(497,4),(497,5),(498,1),(498,2),(498,3),(498,4),(498,5),(499,1),(499,2),(499,3),(499,4),(499,5),(500,1),(500,2),(500,3),(500,4),(500,5),(501,1),(501,2),(501,3),(501,4),(501,5),(502,1),(502,2),(502,3),(502,4),(502,5),(503,1),(503,2),(503,3),(503,4),(503,5),(504,1),(504,2),(504,3),(504,4),(504,5),(505,1),(505,2),(505,3),(505,4),(505,5),(506,1),(506,2),(506,3),(506,4),(506,5),(507,1),(507,2),(507,3),(507,4),(507,5),(508,1),(508,2),(508,3),(508,4),(508,5),(509,1),(509,2),(509,3),(509,4),(509,5),(510,1),(510,2),(510,3),(510,4),(510,5),(511,1),(511,2),(511,3),(511,4),(511,5),(512,1),(512,2),(512,3),(512,4),(512,5),(513,1),(513,2),(513,3),(513,4),(513,5),(514,1),(514,2),(514,3),(514,4),(514,5),(515,1),(515,2),(515,3),(515,4),(515,5),(516,1),(516,2),(516,3),(516,4),(516,5),(517,1),(517,2),(517,3),(517,4),(517,5),(518,1),(518,2),(518,3),(518,4),(518,5),(519,1),(519,2),(519,3),(519,4),(519,5),(520,1),(520,2),(520,3),(520,4),(520,5),(521,1),(521,2),(521,3),(521,4),(521,5),(522,1),(522,2),(522,3),(522,4),(522,5),(523,1),(523,2),(523,3),(523,4),(523,5),(524,1),(524,2),(524,3),(524,4),(524,5),(525,1),(525,2),(525,3),(525,4),(525,5),(526,1),(526,2),(526,3),(526,4),(526,5),(527,1),(527,2),(527,3),(527,4),(527,5),(528,1),(528,2),(528,3),(528,4),(528,5),(529,1),(529,2),(529,3),(529,4),(529,5),(530,1),(530,2),(530,3),(530,4),(530,5),(531,1),(531,2),(531,3),(531,4),(531,5),(532,1),(532,2),(532,3),(532,4),(532,5),(533,1),(533,2),(533,3),(533,4),(533,5),(534,1),(534,2),(534,3),(534,4),(534,5),(535,1),(535,2),(535,3),(535,4),(535,5),(536,1),(536,2),(536,3),(536,4),(536,5),(537,1),(537,2),(537,3),(537,4),(537,5),(538,1),(538,2),(538,3),(538,4),(538,5),(539,1),(539,2),(539,3),(539,4),(539,5),(540,1),(540,2),(540,3),(540,4),(540,5),(541,1),(541,2),(541,3),(541,4),(541,5),(542,1),(542,2),(542,3),(542,4),(542,5),(543,1),(543,2),(543,3),(543,4),(543,5),(544,1),(544,2),(544,3),(544,4),(544,5),(545,1),(545,2),(545,3),(545,4),(545,5),(546,1),(546,2),(546,3),(546,4),(546,5),(547,1),(547,2),(547,3),(547,4),(547,5),(548,1),(548,2),(548,3),(548,4),(548,5),(549,1),(549,2),(549,3),(549,4),(549,5),(550,1),(550,2),(550,3),(550,4),(550,5),(551,1),(551,2),(551,3),(551,4),(551,5),(552,1),(552,2),(552,3),(552,4),(552,5),(553,1),(553,2),(553,3),(553,4),(553,5),(554,1),(554,2),(554,3),(554,4),(554,5),(555,1),(555,2),(555,3),(555,4),(555,5),(556,1),(556,2),(556,3),(556,4),(556,5),(557,1),(557,2),(557,3),(557,4),(557,5),(558,1),(558,2),(558,3),(558,4),(558,5),(559,1),(559,2),(559,3),(559,4),(559,5),(560,1),(560,2),(560,3),(560,4),(560,5),(561,1),(561,2),(561,3),(561,4),(561,5),(562,1),(562,2),(562,3),(562,4),(562,5),(563,1),(563,2),(563,3),(563,4),(563,5),(564,1),(564,2),(564,3),(564,4),(564,5),(565,1),(565,2),(565,3),(565,4),(565,5),(566,1),(566,2),(566,3),(566,4),(566,5),(567,1),(567,2),(567,3),(567,4),(567,5),(568,1),(568,2),(568,3),(568,4),(568,5),(569,1),(569,2),(569,3),(569,4),(569,5),(570,1),(570,2),(570,3),(570,4),(570,5),(571,1),(571,2),(571,3),(571,4),(571,5),(572,1),(572,2),(572,3),(572,4),(572,5),(573,1),(573,2),(573,3),(573,4),(573,5),(574,1),(574,2),(574,3),(574,4),(574,5),(575,1),(575,2),(575,3),(575,4),(575,5),(576,1),(576,2),(576,3),(576,4),(576,5),(577,1),(577,2),(577,3),(577,4),(577,5),(578,1),(578,2),(578,3),(578,4),(578,5),(579,1),(579,2),(579,3),(579,4),(579,5),(580,1),(580,2),(580,3),(580,4),(580,5),(581,1),(581,2),(581,3),(581,4),(581,5),(582,1),(582,2),(582,3),(582,4),(582,5),(583,1),(583,2),(583,3),(583,4),(583,5),(584,1),(584,2),(584,3),(584,4),(584,5),(585,1),(585,2),(585,3),(585,4),(585,5),(586,1),(586,2),(586,3),(586,4),(586,5),(587,1),(587,2),(587,3),(587,4),(587,5),(588,1),(588,2),(588,3),(588,4),(588,5),(589,1),(589,2),(589,3),(589,4),(589,5),(590,1),(590,2),(590,3),(590,4),(590,5),(591,1),(591,2),(591,3),(591,4),(591,5),(592,1),(592,2),(592,3),(592,4),(592,5),(593,1),(593,2),(593,3),(593,4),(593,5),(594,1),(594,2),(594,3),(594,4),(594,5),(595,1),(595,2),(595,3),(595,4),(595,5),(596,1),(596,2),(596,3),(596,4),(596,5),(597,1),(597,2),(597,3),(597,4),(597,5),(598,1),(598,2),(598,3),(598,4),(598,5),(599,1),(599,2),(599,3),(599,4),(599,5),(600,1),(600,2),(600,3),(600,4),(600,5),(601,1),(601,2),(601,3),(601,4),(601,5),(602,1),(602,2),(602,3),(602,4),(602,5),(603,1),(603,2),(603,3),(603,4),(603,5),(604,1),(604,2),(604,3),(604,4),(604,5),(605,1),(605,2),(605,3),(605,4),(605,5),(606,1),(606,2),(606,3),(606,4),(606,5),(607,1),(607,2),(607,3),(607,4),(607,5),(608,1),(608,2),(608,3),(608,4),(608,5),(609,1),(609,2),(609,3),(609,4),(609,5),(610,1),(610,2),(610,3),(610,4),(610,5),(611,1),(611,2),(611,3),(611,4),(611,5),(612,1),(612,2),(612,3),(612,4),(612,5),(613,1),(613,2),(613,3),(613,4),(613,5),(614,1),(614,2),(614,3),(614,4),(614,5),(615,1),(615,2),(615,3),(615,4),(615,5),(616,1),(616,2),(616,3),(616,4),(616,5),(617,1),(617,2),(617,3),(617,4),(617,5),(618,1),(618,2),(618,3),(618,4),(618,5),(619,1),(619,2),(619,3),(619,4),(619,5),(620,1),(620,2),(620,3),(620,4),(620,5),(621,1),(621,2),(621,3),(621,4),(621,5),(622,1),(622,2),(622,3),(622,4),(622,5),(623,1),(623,2),(623,3),(623,4),(623,5),(624,1),(624,2),(624,3),(624,4),(624,5),(625,1),(625,2),(625,3),(625,4),(625,5),(626,1),(626,2),(626,3),(626,4),(626,5),(627,1),(627,2),(627,3),(627,4),(627,5),(628,1),(628,2),(628,3),(628,4),(628,5),(629,1),(629,2),(629,3),(629,4),(629,5),(630,1),(630,2),(630,3),(630,4),(630,5),(631,1),(631,2),(631,3),(631,4),(631,5),(632,1),(632,2),(632,3),(632,4),(632,5),(633,1),(633,2),(633,3),(633,4),(633,5),(634,1),(634,2),(634,3),(634,4),(634,5),(635,1),(635,2),(635,3),(635,4),(635,5),(636,1),(636,2),(636,3),(636,4),(636,5),(637,1),(637,2),(637,3),(637,4),(637,5),(638,1),(638,2),(638,3),(638,4),(638,5),(639,1),(639,2),(639,3),(639,4),(639,5),(640,1),(640,2),(640,3),(640,4),(640,5),(641,1),(641,2),(641,3),(641,4),(641,5),(642,1),(642,2),(642,3),(642,4),(642,5),(643,1),(643,2),(643,3),(643,4),(643,5),(644,1),(644,2),(644,3),(644,4),(644,5),(645,1),(645,2),(645,3),(645,4),(645,5),(646,1),(646,2),(646,3),(646,4),(646,5),(647,1),(647,2),(647,3),(647,4),(647,5),(648,1),(648,2),(648,3),(648,4),(648,5),(649,1),(649,2),(649,3),(649,4),(649,5),(650,1),(650,2),(650,3),(650,4),(650,5),(651,1),(651,2),(651,3),(651,4),(651,5),(652,1),(652,2),(652,3),(652,4),(652,5),(653,1),(653,2),(653,3),(653,4),(653,5),(654,1),(654,2),(654,3),(654,4),(654,5),(655,1),(655,2),(655,3),(655,4),(655,5),(656,1),(656,2),(656,3),(656,4),(656,5),(657,1),(657,2),(657,3),(657,4),(657,5),(658,1),(658,2),(658,3),(658,4),(658,5),(659,1),(659,2),(659,3),(659,4),(659,5),(660,1),(660,2),(660,3),(660,4),(660,5),(661,1),(661,2),(661,3),(661,4),(661,5),(662,1),(662,2),(662,3),(662,4),(662,5),(663,1),(663,2),(663,3),(663,4),(663,5),(664,1),(664,2),(664,3),(664,4),(664,5),(665,1),(665,2),(665,3),(665,4),(665,5),(666,1),(666,2),(666,3),(666,4),(666,5),(667,1),(667,2),(667,3),(667,4),(667,5),(668,1),(668,2),(668,3),(668,4),(668,5),(669,1),(669,2),(669,3),(669,4),(669,5),(670,1),(670,2),(670,3),(670,4),(670,5),(671,1),(671,2),(671,3),(671,4),(671,5),(672,1),(672,2),(672,3),(672,4),(672,5),(673,1),(673,2),(673,3),(673,4),(673,5),(674,1),(674,2),(674,3),(674,4),(674,5),(675,1),(675,2),(675,3),(675,4),(675,5),(676,1),(676,2),(676,3),(676,4),(676,5),(677,1),(677,2),(677,3),(677,4),(677,5),(678,1),(678,2),(678,3),(678,4),(678,5),(679,1),(679,2),(679,3),(679,4),(679,5),(680,1),(680,2),(680,3),(680,4),(680,5),(681,1),(681,2),(681,3),(681,4),(681,5),(682,1),(682,2),(682,3),(682,4),(682,5),(683,1),(683,2),(683,3),(683,4),(683,5),(684,1),(684,2),(684,3),(684,4),(684,5),(685,1),(685,2),(685,3),(685,4),(685,5),(686,1),(686,2),(686,3),(686,4),(686,5),(687,1),(687,2),(687,3),(687,4),(687,5),(688,1),(688,2),(688,3),(688,4),(688,5),(689,1),(689,2),(689,3),(689,4),(689,5),(690,1),(690,2),(690,3),(690,4),(690,5),(691,1),(691,2),(691,3),(691,4),(691,5),(692,1),(692,2),(692,3),(692,4),(692,5),(693,1),(693,2),(693,3),(693,4),(693,5),(694,1),(694,2),(694,3),(694,4),(694,5),(695,1),(695,2),(695,3),(695,4),(695,5),(696,1),(696,2),(696,3),(696,4),(696,5),(697,1),(697,2),(697,3),(697,4),(697,5),(698,1),(698,2),(698,3),(698,4),(698,5),(699,1),(699,2),(699,3),(699,4),(699,5),(700,1),(700,2),(700,3),(700,4),(700,5),(701,1),(701,2),(701,3),(701,4),(701,5),(702,1),(702,2),(702,3),(702,4),(702,5),(703,1),(703,2),(703,3),(703,4),(703,5),(704,1),(704,2),(704,3),(704,4),(704,5),(705,1),(705,2),(705,3),(705,4),(705,5),(706,1),(706,2),(706,3),(706,4),(706,5),(707,1),(707,2),(707,3),(707,4),(707,5),(708,1),(708,2),(708,3),(708,4),(708,5),(709,1),(709,2),(709,3),(709,4),(709,5),(710,1),(710,2),(710,3),(710,4),(710,5),(711,1),(711,2),(711,3),(711,4),(711,5),(712,1),(712,2),(712,3),(712,4),(712,5),(713,1),(713,2),(713,3),(713,4),(713,5),(714,1),(714,2),(714,3),(714,4),(714,5),(715,1),(715,2),(715,3),(715,4),(715,5),(716,1),(716,2),(716,3),(716,4),(716,5),(717,1),(717,2),(717,3),(717,4),(717,5),(718,1),(718,2),(718,3),(718,4),(718,5),(719,1),(719,2),(719,3),(719,4),(719,5),(720,1),(720,2),(720,3),(720,4),(720,5),(721,1),(721,2),(721,3),(721,4),(721,5),(722,1),(722,2),(722,3),(722,4),(722,5),(723,1),(723,2),(723,3),(723,4),(723,5),(724,1),(724,2),(724,3),(724,4),(724,5),(725,1),(725,2),(725,3),(725,4),(725,5),(726,1),(726,2),(726,3),(726,4),(726,5),(727,1),(727,2),(727,3),(727,4),(727,5),(728,1),(728,2),(728,3),(728,4),(728,5),(729,1),(729,2),(729,3),(729,4),(729,5),(730,1),(730,2),(730,3),(730,4),(730,5),(731,1),(731,2),(731,3),(731,4),(731,5),(732,1),(732,2),(732,3),(732,4),(732,5),(733,1),(733,2),(733,3),(733,4),(733,5),(734,1),(734,2),(734,3),(734,4),(734,5),(735,1),(735,2),(735,3),(735,4),(735,5),(736,1),(736,2),(736,3),(736,4),(736,5),(737,1),(737,2),(737,3),(737,4),(737,5),(738,1),(738,2),(738,3),(738,4),(738,5),(739,1),(739,2),(739,3),(739,4),(739,5),(740,1),(740,2),(740,3),(740,4),(740,5),(741,1),(741,2),(741,3),(741,4),(741,5),(742,1),(742,2),(742,3),(742,4),(742,5),(743,1),(743,2),(743,3),(743,4),(743,5),(744,1),(744,2),(744,3),(744,4),(744,5),(745,1),(745,2),(745,3),(745,4),(745,5),(746,1),(746,2),(746,3),(746,4),(746,5),(747,1),(747,2),(747,3),(747,4),(747,5),(748,1),(748,2),(748,3),(748,4),(748,5),(749,1),(749,2),(749,3),(749,4),(749,5),(750,1),(750,2),(750,3),(750,4),(750,5),(751,1),(751,2),(751,3),(751,4),(751,5),(752,1),(752,2),(752,3),(752,4),(752,5),(753,1),(753,2),(753,3),(753,4),(753,5),(754,1),(754,2),(754,3),(754,4),(754,5),(755,1),(755,2),(755,3),(755,4),(755,5),(756,1),(756,2),(756,3),(756,4),(756,5),(757,1),(757,2),(757,3),(757,4),(757,5),(758,1),(758,2),(758,3),(758,4),(758,5),(759,1),(759,2),(759,3),(759,4),(759,5),(760,1),(760,2),(760,3),(760,4),(760,5),(761,1),(761,2),(761,3),(761,4),(761,5),(762,1),(762,2),(762,3),(762,4),(762,5),(763,1),(763,2),(763,3),(763,4),(763,5),(764,1),(764,2),(764,3),(764,4),(764,5),(765,1),(765,2),(765,3),(765,4),(765,5),(766,1),(766,2),(766,3),(766,4),(766,5),(767,1),(767,2),(767,3),(767,4),(767,5),(768,1),(768,2),(768,3),(768,4),(768,5),(769,1),(769,2),(769,3),(769,4),(769,5),(770,1),(770,2),(770,3),(770,4),(770,5),(771,1),(771,2),(771,3),(771,4),(771,5),(772,1),(772,2),(772,3),(772,4),(772,5),(773,1),(773,2),(773,3),(773,4),(773,5),(774,1),(774,2),(774,3),(774,4),(774,5),(775,1),(775,2),(775,3),(775,4),(775,5),(776,1),(776,2),(776,3),(776,4),(776,5),(777,1),(777,2),(777,3),(777,4),(777,5),(778,1),(778,2),(778,3),(778,4),(778,5),(779,1),(779,2),(779,3),(779,4),(779,5),(780,1),(780,2),(780,3),(780,4),(780,5),(781,1),(781,2),(781,3),(781,4),(781,5),(782,1),(782,2),(782,3),(782,4),(782,5),(783,1),(783,2),(783,3),(783,4),(783,5),(784,1),(784,2),(784,3),(784,4),(784,5),(785,1),(785,2),(785,3),(785,4),(785,5),(786,1),(786,2),(786,3),(786,4),(786,5),(787,1),(787,2),(787,3),(787,4),(787,5),(788,1),(788,2),(788,3),(788,4),(788,5),(789,1),(789,2),(789,3),(789,4),(789,5),(790,1),(790,2),(790,3),(790,4),(790,5),(791,1),(791,2),(791,3),(791,4),(791,5),(792,1),(792,2),(792,3),(792,4),(792,5),(793,1),(793,2),(793,3),(793,4),(793,5),(794,1),(794,2),(794,3),(794,4),(794,5),(795,1),(795,2),(795,3),(795,4),(795,5),(796,1),(796,2),(796,3),(796,4),(796,5),(798,1),(798,2),(798,3),(798,4),(799,1),(799,2),(799,3),(799,4),(800,1),(800,2),(800,3),(800,4);
/*!40000 ALTER TABLE `data_template_data_rra` ENABLE KEYS */;
UNLOCK TABLES;

--
-- Table structure for table `data_template_rrd`
--

DROP TABLE IF EXISTS `data_template_rrd`;
/*!40101 SET @saved_cs_client     = @@character_set_client */;
/*!40101 SET character_set_client = utf8 */;
CREATE TABLE `data_template_rrd` (
  `id` mediumint(8) unsigned NOT NULL auto_increment,
  `hash` varchar(32) NOT NULL default '',
  `local_data_template_rrd_id` mediumint(8) unsigned NOT NULL default '0',
  `local_data_id` mediumint(8) unsigned NOT NULL default '0',
  `data_template_id` mediumint(8) unsigned NOT NULL default '0',
  `t_rrd_maximum` char(2) default NULL,
  `rrd_maximum` varchar(20) NOT NULL default '0',
  `t_rrd_minimum` char(2) default NULL,
  `rrd_minimum` varchar(20) NOT NULL default '0',
  `t_rrd_heartbeat` char(2) default NULL,
  `rrd_heartbeat` mediumint(6) NOT NULL default '0',
  `t_data_source_type_id` char(2) default NULL,
  `data_source_type_id` smallint(5) NOT NULL default '0',
  `t_data_source_name` char(2) default NULL,
  `data_source_name` varchar(19) NOT NULL default '',
  `t_data_input_field_id` char(2) default NULL,
  `data_input_field_id` mediumint(8) unsigned NOT NULL default '0',
  PRIMARY KEY  (`id`),
  UNIQUE KEY `duplicate_dsname_contraint` (`local_data_id`,`data_source_name`,`data_template_id`),
  KEY `local_data_id` (`local_data_id`),
  KEY `data_template_id` (`data_template_id`),
  KEY `local_data_template_rrd_id` (`local_data_template_rrd_id`)
) ENGINE=MyISAM AUTO_INCREMENT=1513 DEFAULT CHARSET=latin1;
/*!40101 SET character_set_client = @saved_cs_client */;

--
-- Dumping data for table `data_template_rrd`
--

LOCK TABLES `data_template_rrd` WRITE;
/*!40000 ALTER TABLE `data_template_rrd` DISABLE KEYS */;
INSERT INTO `data_template_rrd` VALUES (3,'2d53f9c76767a2ae8909f4152fd473a4',0,0,3,'','0','','0','',600,'',1,'','hdd_free','',0),(4,'93d91aa7a3cc5473e7b195d5d6e6e675',0,0,3,'','0','','0','',600,'',1,'','hdd_used','',0),(5,'7bee7987bbf30a3bc429d2a67c6b2595',0,0,4,'','100','','0','',600,'',2,'','cpu_system','',0),(6,'ddccd7fbdece499da0235b4098b87f9e',0,0,5,'','100','','0','',600,'',2,'','cpu_user','',0),(7,'122ab2097f8c6403b7b90cde7b9e2bc2',0,0,6,'','100','','0','',600,'',2,'','cpu_nice','',0),(8,'34f50c820092ea0fecba25b4b94a7946',0,0,7,'','100','','0','',600,'',1,'','wrls_noise','',0),(9,'830b811d1834e5ba0e2af93bd92db057',0,0,8,'','100','','0','',600,'',1,'','wrls_signal','',0),(10,'2f1b016a2465eef3f7369f6313cd4a94',0,0,9,'','1000000','','0','',600,'',2,'','wrls_transmits','',0),(11,'28ffcecaf8b50e49f676f2d4a822685d',0,0,10,'','1000000','','0','',600,'',2,'','wrls_retransmits','',0),(12,'8175ca431c8fe50efff5a1d3ae51b55d',0,0,11,'','500','','0','',600,'',1,'','load_1min','',17),(13,'a2eeb8acd6ea01cd0e3ac852965c0eb6',0,0,11,'','500','','0','',600,'',1,'','load_5min','',18),(14,'9f951b7fb3b19285a411aebb5254a831',0,0,11,'','500','','0','',600,'',1,'','load_15min','',19),(16,'a4df3de5238d3beabee1a2fe140d3d80',0,0,13,'','0','','0','',600,'',1,'','mem_buffers','',23),(18,'7fea6acc9b1a19484b4cb4cef2b6c5da',0,0,15,'','0','','0','',600,'',1,'','mem_swap','',23),(19,'f1ba3a5b17b95825021241398bb0f277',0,0,16,'','1000','','0','',600,'',1,'','proc','',24),(20,'46a5afe8e6c0419172c76421dc9e304a',0,0,17,'','500','','0','',600,'',1,'','users','',21),(21,'962fd1994fe9cae87fb36436bdb8a742',0,0,18,'','5000','','0','',600,'',1,'','ping','',30),(22,'7a8dd1111a8624369906bf2cd6ea9ca9',0,0,19,'','100000','','0','',600,'',1,'','total_users','',0),(23,'ddb6e74d34d2f1969ce85f809dbac23d',0,0,20,'','100000','','0','',600,'',1,'','total_logins','',0),(25,'289311d10336941d33d9a1c48a7b11ee',0,0,22,'','10000000','','0','',600,'',2,'','fs_reads','',0),(26,'02216f036cca04655ee2f67fedb6f4f0',0,0,23,'','10000000','','0','',600,'',2,'','fs_writes','',0),(27,'9e402c0f29131ef7139c20bd500b4e8a',0,0,24,'','10000000','','0','',600,'',2,'','cache_checks','',0),(28,'46717dfe3c8c030d8b5ec0874f9dbdca',0,0,25,'','1000000','','0','',600,'',2,'','cache_hits','',0),(29,'7a88a60729af62561812c43bde61dfc1',0,0,26,'','100000','','0','',600,'',1,'','open_files','',0),(30,'3c0fd1a188b64a662dfbfa985648397b',0,0,27,'','100','','0','',600,'',1,'','5min_cpu','',0),(33,'ed44c2438ef7e46e2aeed2b6c580815c',0,0,30,'','500','','0','',600,'',1,'','load_1min','',0),(34,'9b3a00c9e3530d9e58895ac38271361e',0,0,31,'','500','','0','',600,'',1,'','load_5min','',0),(35,'6746c2ed836ecc68a71bbddf06b0e5d9',0,0,32,'','500','','0','',600,'',1,'','load_15min','',0),(36,'9835d9e1a8c78aa2475d752e8fa74812',0,0,33,'','10000000','','0','',600,'',1,'','mem_buffers','',0),(37,'9c78dc1981bcea841b8c827c6dc0d26c',0,0,34,'','10000000','','0','',600,'',1,'','mem_free','',0),(38,'62a56dc76fe4cd8566a31b5df0274cc3',0,0,35,'','0','','0','',600,'',1,'','vol_total','',0),(39,'2e366ab49d0e0238fb4e3141ea5a88c3',0,0,35,'','0','','0','',600,'',1,'','vol_free','',0),(40,'dceedc84718dd93a5affe4b190bca810',0,0,35,'','0','','0','',600,'',1,'','vol_freeable','',0),(42,'93330503f1cf67db00d8fe636035e545',0,0,36,'','100000000000','','0','',600,'',1,'','dir_total','',0),(43,'6b0fe4aa6aaf22ef9cfbbe96d87fa0d7',0,0,36,'','100000000000','','0','',600,'',1,'','dir_used','',0),(44,'4c82df790325d789d304e6ee5cd4ab7d',0,0,37,'','0','','0','',600,'',1,'','hdd_free','',0),(46,'c802e2fd77f5b0a4c4298951bf65957c',0,0,38,'','10000000','','0','',600,'',2,'','errors_in','',0),(47,'4e2a72240955380dc8ffacfcc8c09874',0,0,38,'','10000000','','0','',600,'',2,'','discards_in','',0),(48,'636672962b5bb2f31d86985e2ab4bdfe',0,0,39,'','1000000000','','0','',600,'',2,'','unicast_in','',0),(49,'18ce92c125a236a190ee9dd948f56268',0,0,39,'','1000000000','','0','',600,'',2,'','unicast_out','',0),(50,'13ebb33f9cbccfcba828db1075a8167c',0,0,38,'','10000000','','0','',600,'',2,'','discards_out','',0),(51,'31399c3725bee7e09ec04049e3d5cd17',0,0,38,'','10000000','','0','',600,'',2,'','errors_out','',0),(52,'7be68cbc4ee0b2973eb9785f8c7a35c7',0,0,40,'','1000000000','','0','',600,'',2,'','nonunicast_out','',0),(53,'93e2b6f59b10b13f2ddf2da3ae98b89a',0,0,40,'','1000000000','','0','',600,'',2,'','nonunicast_in','',0),(54,'2df25c57022b0c7e7d0be4c035ada1a0',0,0,41,'on','100000000','','0','',600,'',2,'','traffic_in','',0),(55,'721c0794526d1ac1c359f27dc56faa49',0,0,41,'on','100000000','','0','',600,'',2,'','traffic_out','',0),(56,'07175541991def89bd02d28a215f6fcc',0,0,37,'','0','','0','',600,'',1,'','hdd_used','',0),(76,'07492e5cace6d74e7db3cb1fc005a3f3',0,0,42,'','100','','0','',600,'',1,'','cpu','',0),(78,'0ee6bb54957f6795a5369a29f818d860',0,0,43,'','0','','0','',600,'',1,'','hdd_used','',0),(79,'9825aaf7c0bdf1554c5b4b86680ac2c0',0,0,44,'','100','','0','',600,'',1,'','cpu','',0),(80,'50ccbe193c6c7fc29fb9f726cd6c48ee',0,0,45,'','1000','','0','',600,'',1,'','proc','',0),(81,'9464c91bcff47f23085ae5adae6ab987',0,0,46,'','5000','','0','',600,'',1,'','users','',0),(1510,'bf80f917bc62a0678f4ac5c6b2b7b18a',0,0,56,'','100','','0','',600,'',1,'','HighThreshold','',0),(1511,'f1ecde274e67e4a580700f903191d66d',0,0,57,'','100','','0','',600,'',1,'','Threshold','',0),(1512,'69c61e34f0a62738f031acf2a5813d77',0,0,57,'','0','','0','',600,'',1,'','CurrentUtilization','',0),(92,'165a0da5f461561c85d092dfe96b9551',0,0,43,'','0','','0','',600,'',1,'','hdd_total','',0),(95,'7a6ca455bbeff99ca891371bc77d5cf9',0,0,47,'','10000000','','0','',600,'',1,'','mem_cache','',0),(96,'224b83ea73f55f8a861bcf4c9bea0472',0,0,48,'on','100','','0','',600,'on',1,'','snmp_oid','',0),(1507,'b8234e95eb3cb24b29c13c6bebdf74fd',0,0,55,'','100','','0','',600,'',2,'','CurrentUtilization','',0),(1508,'96169045e3dd9a998d221ee1385ee26d',0,0,55,'','100','','0','',600,'',1,'','UtizationThreshold','',0),(1509,'0374e362070fcba83878d22a89e278d1',0,0,56,'','0','','0','',600,'',1,'','CurrentValue','',0);
/*!40000 ALTER TABLE `data_template_rrd` ENABLE KEYS */;
UNLOCK TABLES;

--
-- Table structure for table `graph_local`
--

DROP TABLE IF EXISTS `graph_local`;
/*!40101 SET @saved_cs_client     = @@character_set_client */;
/*!40101 SET character_set_client = utf8 */;
CREATE TABLE `graph_local` (
  `id` mediumint(8) unsigned NOT NULL auto_increment,
  `graph_template_id` mediumint(8) unsigned NOT NULL default '0',
  `host_id` mediumint(8) unsigned NOT NULL default '0',
  `snmp_query_id` mediumint(8) NOT NULL default '0',
  `snmp_index` varchar(255) NOT NULL default '',
  PRIMARY KEY  (`id`),
  KEY `host_id` (`host_id`),
  KEY `graph_template_id` (`graph_template_id`),
  KEY `snmp_query_id` (`snmp_query_id`),
  KEY `snmp_index` (`snmp_index`)
) ENGINE=MyISAM AUTO_INCREMENT=731 DEFAULT CHARSET=latin1 COMMENT='Creates a relationship for each item in a custom graph.';
/*!40101 SET character_set_client = @saved_cs_client */;

--
-- Dumping data for table `graph_local`
--

LOCK TABLES `graph_local` WRITE;
/*!40000 ALTER TABLE `graph_local` DISABLE KEYS */;
/*!40000 ALTER TABLE `graph_local` ENABLE KEYS */;
UNLOCK TABLES;

--
-- Table structure for table `graph_template_input`
--

DROP TABLE IF EXISTS `graph_template_input`;
/*!40101 SET @saved_cs_client     = @@character_set_client */;
/*!40101 SET character_set_client = utf8 */;
CREATE TABLE `graph_template_input` (
  `id` mediumint(8) unsigned NOT NULL auto_increment,
  `hash` varchar(32) NOT NULL default '',
  `graph_template_id` mediumint(8) unsigned NOT NULL default '0',
  `name` varchar(255) NOT NULL default '',
  `description` text,
  `column_name` varchar(50) NOT NULL default '',
  PRIMARY KEY  (`id`)
) ENGINE=MyISAM AUTO_INCREMENT=111 DEFAULT CHARSET=latin1 COMMENT='Stores the names for graph item input groups.';
/*!40101 SET character_set_client = @saved_cs_client */;

--
-- Dumping data for table `graph_template_input`
--

LOCK TABLES `graph_template_input` WRITE;
/*!40000 ALTER TABLE `graph_template_input` DISABLE KEYS */;
INSERT INTO `graph_template_input` VALUES (3,'e9d4191277fdfd7d54171f153da57fb0',2,'Inbound Data Source','','task_item_id'),(4,'7b361722a11a03238ee8ab7ce44a1037',2,'Outbound Data Source','','task_item_id'),(5,'b33eb27833614056e06ee5952c3e0724',3,'Available Disk Space Data Source','','task_item_id'),(6,'ef8799e63ee00e8904bcc4228015784a',3,'Used Disk Space Data Source','','task_item_id'),(7,'2662ef4fbb0bf92317ffd42c7515af37',5,'Signal Level Data Source','','task_item_id'),(8,'a6edef6624c796d3a6055305e2e3d4bf',5,'Noise Level Data Source','','task_item_id'),(9,'b0e902db1875e392a9d7d69bfbb13515',5,'Signal Level Color','','color_id'),(10,'24632b1d4a561e937225d0a5fbe65e41',5,'Noise Level Color','','color_id'),(11,'6d078f1d58b70ad154a89eb80fe6ab75',6,'Transmissions Data Source','','task_item_id'),(12,'878241872dd81c68d78e6ff94871d97d',6,'Re-Transmissions Data Source','','task_item_id'),(13,'f8fcdc3a3f0e8ead33bd9751895a3462',6,'Transmissions Color','','color_id'),(14,'394ab4713a34198dddb5175aa40a2b4a',6,'Re-Transmissions Color','','color_id'),(15,'433f328369f9569446ddc59555a63eb8',7,'Ping Host Data Source','','task_item_id'),(16,'a1a91c1514c65152d8cb73522ea9d4e6',7,'Legend Color','','color_id'),(17,'2fb4deb1448379b27ddc64e30e70dc42',7,'Legend Text','','text_format'),(18,'592cedd465877bc61ab549df688b0b2a',8,'Processes Data Source','','task_item_id'),(19,'1d51dbabb200fcea5c4b157129a75410',8,'Legend Color','','color_id'),(20,'8cb8ed3378abec21a1819ea52dfee6a3',9,'1 Minute Data Source','','task_item_id'),(21,'5dfcaf9fd771deb8c5430bce1562e371',9,'5 Minute Data Source','','task_item_id'),(22,'6f3cc610315ee58bc8e0b1f272466324',9,'15 Minute Data Source','','task_item_id'),(23,'b457a982bf46c6760e6ef5f5d06d41fb',10,'Logged in Users Data Source','','task_item_id'),(24,'bd4a57adf93c884815b25a8036b67f98',10,'Legend Color','','color_id'),(25,'d7cdb63500c576e0f9f354de42c6cf3a',11,'1 Minute Data Source','','task_item_id'),(26,'a23152f5ec02e7762ca27608c0d89f6c',11,'5 Minute Data Source','','task_item_id'),(27,'2cc5d1818da577fba15115aa18f64d85',11,'15 Minute Data Source','','task_item_id'),(30,'6273c71cdb7ed4ac525cdbcf6180918c',12,'Free Data Source','','task_item_id'),(31,'5e62dbea1db699f1bda04c5863e7864d',12,'Swap Data Source','','task_item_id'),(32,'4d52e112a836d4c9d451f56602682606',4,'System CPU Data Source','','task_item_id'),(33,'f0310b066cc919d2f898b8d1ebf3b518',4,'User CPU Data Source','','task_item_id'),(34,'d9eb6b9eb3d7dd44fd14fdefb4096b54',4,'Nice CPU Data Source','','task_item_id'),(35,'f45def7cad112b450667aa67262258cb',13,'Memory Free Data Source','','task_item_id'),(36,'f8c361a8c8b7ad80e8be03ba7ea5d0d6',13,'Memory Buffers Data Source','','task_item_id'),(37,'03d11dce695963be30bd744bd6cbac69',14,'Cache Hits Data Source','','task_item_id'),(38,'9cbc515234779af4bf6cdf71a81c556a',14,'Cache Checks Data Source','','task_item_id'),(39,'2c4d561ee8132a8dda6de1104336a6ec',15,'CPU Utilization Data Source','','task_item_id'),(40,'6e1cf7addc0cc419aa903552e3eedbea',16,'File System Reads Data Source','','task_item_id'),(41,'7ea2aa0656f7064d25a36135dd0e9082',16,'File System Writes Data Source','','task_item_id'),(42,'63480bca78a38435f24a5b5d5ed050d7',17,'Current Logins Data Source','','task_item_id'),(44,'31fed1f9e139d4897d0460b10fb7be94',15,'Legend Color','','color_id'),(45,'bb9d83a02261583bc1f92d9e66ea705d',18,'CPU Usage Data Source','','task_item_id'),(46,'51196222ed37b44236d9958116028980',18,'Legend Color','','color_id'),(47,'fd26b0f437b75715d6dff983e7efa710',19,'Free Space Data Source','','task_item_id'),(48,'a463dd46862605c90ea60ccad74188db',19,'Total Space Data Source','','task_item_id'),(49,'9977dd7a41bcf0f0c02872b442c7492e',19,'Freeable Space Data Source','','task_item_id'),(51,'a7a69bbdf6890d6e6eaa7de16e815ec6',20,'Used Directory Entries Data Source','','task_item_id'),(52,'0072b613a33f1fae5ce3e5903dec8fdb',20,'Available Directory Entries Data Source','','task_item_id'),(53,'940beb0f0344e37f4c6cdfc17d2060bc',21,'Available Disk Space Data Source','','task_item_id'),(54,'7b0674dd447a9badf0d11bec688028a8',21,'Used Disk Space Data Source','','task_item_id'),(55,'fa83cd3a3b4271b644cb6459ea8c35dc',22,'Discards In Data Source','','task_item_id'),(56,'7946e8ee1e38a65462b85e31a15e35e5',22,'Errors In Data Source','','task_item_id'),(57,'00ae916640272f5aca54d73ae34c326b',23,'Unicast Packets Out Data Source','','task_item_id'),(58,'1bc1652f82488ebfb7242c65d2ffa9c7',23,'Unicast Packets In Data Source','','task_item_id'),(59,'e3177d0e56278de320db203f32fb803d',24,'Non-Unicast Packets In Data Source','','task_item_id'),(60,'4f20fba2839764707f1c3373648c5fef',24,'Non-Unicast Packets Out Data Source','','task_item_id'),(61,'e5acdd5368137c408d56ecf55b0e077c',22,'Discards Out Data Source','','task_item_id'),(62,'a028e586e5fae667127c655fe0ac67f0',22,'Errors Out Data Source','','task_item_id'),(63,'2764a4f142ba9fd95872106a1b43541e',25,'Inbound Data Source','','task_item_id'),(64,'f73f7ddc1f4349356908122093dbfca2',25,'Outbound Data Source','','task_item_id'),(65,'86bd8819d830a81d64267761e1fd8ec4',26,'Total Disk Space Data Source','','task_item_id'),(66,'6c8967850102202de166951e4411d426',26,'Used Disk Space Data Source','','task_item_id'),(67,'bdad718851a52b82eca0a310b0238450',27,'CPU Utilization Data Source','','task_item_id'),(68,'e7b578e12eb8a82627557b955fd6ebd4',27,'Legend Color','','color_id'),(69,'37d09fb7ce88ecec914728bdb20027f3',28,'Logged in Users Data Source','','task_item_id'),(70,'699bd7eff7ba0c3520db3692103a053d',28,'Legend Color','','color_id'),(71,'df905e159d13a5abed8a8a7710468831',29,'Processes Data Source','','task_item_id'),(72,'8ca9e3c65c080dbf74a59338d64b0c14',29,'Legend Color','','color_id'),(73,'69ad68fc53af03565aef501ed5f04744',30,'Open Files Data Source','','task_item_id'),(74,'562726cccdb67d5c6941e9e826ef4ef5',31,'Inbound Data Source','','task_item_id'),(75,'82426afec226f8189c8928e7f083f80f',31,'Outbound Data Source','','task_item_id'),(76,'69a23877302e7d142f254b208c58b596',32,'Inbound Data Source','','task_item_id'),(77,'f28013abf8e5813870df0f4111a5e695',32,'Outbound Data Source','','task_item_id'),(78,'8644b933b6a09dde6c32ff24655eeb9a',33,'Outbound Data Source','','task_item_id'),(79,'49c4b4800f3e638a6f6bb681919aea80',33,'Inbound Data Source','','task_item_id'),(80,'e0b395be8db4f7b938d16df7ae70065f',13,'Cache Memory Data Source','','task_item_id'),(81,'2dca37011521501b9c2b705d080db750',34,'Data Source [snmp_oid]',NULL,'task_item_id'),(82,'b8d8ade5f5f3dd7b12f8cc56bbb4083e',34,'Legend Color','','color_id'),(83,'ac2355b4895c37e14df827f969f31c12',34,'Legend Text','','text_format'),(109,'91d4938a82abf0582cba04644fc8f2d3',42,'Data Source [CurrentUtilization]','','task_item_id'),(110,'cd3169f2e55d456123b581a843fcc337',42,'Data Source [Threshold]','','task_item_id'),(108,'61ac85ae94b921c54dbaefae002c4115',41,'Data Source [CurrentValue]','','task_item_id'),(105,'86e3a44853f7ac51bcc808612778b7b1',40,'Data Source [UtizationThreshold]','','task_item_id'),(106,'68c144f0c0eef67d1aae8efb0cb41b43',40,'Data Source [CurrentUtilization]','','task_item_id'),(107,'1f89ba89792cf2029fb60e5040614afb',41,'Data Source [HighThreshold]','','task_item_id');
/*!40000 ALTER TABLE `graph_template_input` ENABLE KEYS */;
UNLOCK TABLES;

--
-- Table structure for table `graph_template_input_defs`
--

DROP TABLE IF EXISTS `graph_template_input_defs`;
/*!40101 SET @saved_cs_client     = @@character_set_client */;
/*!40101 SET character_set_client = utf8 */;
CREATE TABLE `graph_template_input_defs` (
  `graph_template_input_id` mediumint(8) unsigned NOT NULL default '0',
  `graph_template_item_id` int(12) unsigned NOT NULL default '0',
  PRIMARY KEY  (`graph_template_input_id`,`graph_template_item_id`),
  KEY `graph_template_input_id` (`graph_template_input_id`)
) ENGINE=MyISAM DEFAULT CHARSET=latin1 COMMENT='Stores the relationship for what graph iitems are associated';
/*!40101 SET character_set_client = @saved_cs_client */;

--
-- Dumping data for table `graph_template_input_defs`
--

LOCK TABLES `graph_template_input_defs` WRITE;
/*!40000 ALTER TABLE `graph_template_input_defs` DISABLE KEYS */;
INSERT INTO `graph_template_input_defs` VALUES (3,9),(3,10),(3,11),(3,12),(4,13),(4,14),(4,15),(4,16),(5,21),(5,22),(5,23),(5,24),(6,17),(6,18),(6,19),(6,20),(7,45),(7,46),(7,47),(7,48),(8,49),(8,50),(8,51),(8,52),(9,45),(10,49),(11,53),(11,54),(11,55),(11,56),(12,57),(12,58),(12,59),(12,60),(13,53),(14,57),(15,61),(15,62),(15,63),(15,64),(16,61),(17,61),(18,65),(18,66),(18,67),(18,68),(19,65),(20,69),(20,70),(21,71),(21,72),(22,73),(22,74),(23,76),(23,77),(23,78),(23,79),(24,76),(25,80),(25,81),(26,82),(26,83),(27,84),(27,85),(30,95),(30,96),(30,97),(30,98),(31,99),(31,100),(31,101),(31,102),(32,29),(32,30),(32,31),(32,32),(33,33),(33,34),(33,35),(33,36),(34,37),(34,38),(34,39),(34,40),(35,103),(35,104),(35,105),(35,106),(36,107),(36,108),(36,109),(36,110),(37,111),(37,112),(37,113),(37,114),(38,115),(38,116),(38,117),(38,118),(39,119),(39,120),(39,121),(39,122),(40,123),(40,124),(40,125),(40,126),(41,127),(41,128),(41,129),(41,130),(42,131),(42,132),(42,133),(42,134),(44,119),(45,139),(45,140),(45,141),(45,142),(46,139),(47,143),(47,144),(47,145),(47,146),(48,147),(48,148),(48,149),(48,150),(49,151),(49,152),(49,153),(49,154),(51,159),(51,160),(51,161),(51,162),(52,163),(52,164),(52,165),(52,166),(53,172),(53,173),(53,174),(53,175),(54,167),(54,169),(54,170),(54,171),(55,180),(55,181),(55,182),(55,183),(56,184),(56,185),(56,186),(56,187),(57,188),(57,189),(57,190),(57,191),(58,192),(58,193),(58,194),(58,195),(59,196),(59,197),(59,198),(59,199),(60,200),(60,201),(60,202),(60,203),(61,204),(61,205),(61,206),(61,207),(62,208),(62,209),(62,210),(62,211),(63,212),(63,213),(63,214),(63,215),(64,216),(64,217),(64,218),(64,219),(65,307),(65,308),(65,309),(65,310),(66,303),(66,304),(66,305),(66,306),(67,315),(67,316),(67,317),(67,318),(68,315),(69,319),(69,320),(69,321),(69,322),(70,319),(71,323),(71,324),(71,325),(71,326),(72,323),(73,358),(73,359),(73,360),(73,361),(74,362),(74,363),(74,364),(74,365),(75,366),(75,367),(75,368),(75,369),(75,371),(75,372),(76,373),(76,374),(76,375),(76,376),(76,383),(77,377),(77,378),(77,379),(77,380),(77,384),(78,385),(78,386),(78,387),(78,388),(78,393),(79,389),(79,390),(79,391),(79,392),(79,394),(80,403),(80,404),(80,405),(80,406),(81,407),(81,408),(81,409),(81,410),(82,407),(83,407),(105,4559),(105,4560),(106,4555),(106,4556),(106,4557),(106,4558),(107,4565),(107,4566),(108,4561),(108,4562),(108,4563),(108,4564),(109,4567),(109,4568),(109,4569),(109,4570),(110,4571),(110,4572);
/*!40000 ALTER TABLE `graph_template_input_defs` ENABLE KEYS */;
UNLOCK TABLES;

--
-- Table structure for table `graph_templates`
--

DROP TABLE IF EXISTS `graph_templates`;
/*!40101 SET @saved_cs_client     = @@character_set_client */;
/*!40101 SET character_set_client = utf8 */;
CREATE TABLE `graph_templates` (
  `id` mediumint(8) unsigned NOT NULL auto_increment,
  `hash` char(32) NOT NULL default '',
  `name` char(255) NOT NULL default '',
  PRIMARY KEY  (`id`),
  KEY `name` (`name`)
) ENGINE=MyISAM AUTO_INCREMENT=43 DEFAULT CHARSET=latin1 COMMENT='Contains each graph template name.';
/*!40101 SET character_set_client = @saved_cs_client */;

--
-- Dumping data for table `graph_templates`
--

LOCK TABLES `graph_templates` WRITE;
/*!40000 ALTER TABLE `graph_templates` DISABLE KEYS */;
INSERT INTO `graph_templates` VALUES (34,'010b90500e1fc6a05abfd542940584d0','SNMP - Generic OID Template'),(2,'5deb0d66c81262843dce5f3861be9966','Interface - Traffic (bits/sec)'),(3,'abb5e813c9f1e8cd6fc1e393092ef8cb','ucd/net - Available Disk Space'),(4,'e334bdcf821cd27270a4cc945e80915e','ucd/net - CPU Usage'),(5,'280e38336d77acde4672879a7db823f3','Karlnet - Wireless Levels'),(6,'3109d88e6806d2ce50c025541b542499','Karlnet - Wireless Transmissions'),(7,'cf96dfb22b58e08bf101ca825377fa4b','Unix - Ping Latency'),(8,'9fe8b4da353689d376b99b2ea526cc6b','Unix - Processes'),(9,'fe5edd777a76d48fc48c11aded5211ef','Unix - Load Average'),(10,'63610139d44d52b195cc375636653ebd','Unix - Logged in Users'),(11,'5107ec0206562e77d965ce6b852ef9d4','ucd/net - Load Average'),(12,'6992ed4df4b44f3d5595386b8298f0ec','Linux - Memory Usage'),(13,'be275639d5680e94c72c0ebb4e19056d','ucd/net - Memory Usage'),(14,'f17e4a77b8496725dc924b8c35b60036','Netware - File System Cache'),(15,'46bb77f4c0c69671980e3c60d3f22fa9','Netware - CPU Utilization'),(16,'8e77a3036312fd0fda32eaea2b5f141b','Netware - File System Activity'),(17,'5892c822b1bb2d38589b6c27934b9936','Netware - Logged In Users'),(18,'9a5e6d7781cc1bd6cf24f64dd6ffb423','Cisco - CPU Usage'),(19,'0dd0438d5e6cad6776f79ecaa96fb708','Netware - Volume Information'),(20,'b18a3742ebea48c6198412b392d757fc','Netware - Directory Information'),(21,'8e7c8a511652fe4a8e65c69f3d34779d','Unix - Available Disk Space'),(22,'06621cd4a9289417cadcb8f9b5cfba80','Interface - Errors/Discards'),(23,'e0d1625a1f4776a5294583659d5cee15','Interface - Unicast Packets'),(24,'10ca5530554da7b73dc69d291bf55d38','Interface - Non-Unicast Packets'),(25,'df244b337547b434b486662c3c5c7472','Interface - Traffic (bytes/sec)'),(26,'7489e44466abee8a7d8636cb2cb14a1a','Host MIB - Available Disk Space'),(27,'c6bb62bedec4ab97f9db9fd780bd85a6','Host MIB - CPU Utilization'),(28,'e8462bbe094e4e9e814d4e681671ea82','Host MIB - Logged in Users'),(29,'62205afbd4066e5c4700338841e3901e','Host MIB - Processes'),(30,'e3780a13b0f7a3f85a44b70cd4d2fd36','Netware - Open Files'),(31,'1742b2066384637022d178cc5072905a','Interface - Traffic (bits/sec, 95th Percentile)'),(32,'13b47e10b2d5db45707d61851f69c52b','Interface - Traffic (bits/sec, Total Bandwidth)'),(33,'8ad6790c22b693680e041f21d62537ac','Interface - Traffic (bytes/sec, Total Bandwidth)'),(42,'dd8aca9e799a54622d5e77722781011a','Ionix - Processor (Beta)'),(41,'b3c2d95aaabae886154fc02f8b4d2e1f','Ionix - Temperature (Beta)'),(40,'1ae656c43ec5d3c6e5513fc67cf5a3d2','Ionix - Interface Utilization (Beta)');
/*!40000 ALTER TABLE `graph_templates` ENABLE KEYS */;
UNLOCK TABLES;

--
-- Table structure for table `graph_templates_gprint`
--

DROP TABLE IF EXISTS `graph_templates_gprint`;
/*!40101 SET @saved_cs_client     = @@character_set_client */;
/*!40101 SET character_set_client = utf8 */;
CREATE TABLE `graph_templates_gprint` (
  `id` mediumint(8) unsigned NOT NULL auto_increment,
  `hash` varchar(32) NOT NULL default '',
  `name` varchar(100) NOT NULL default '',
  `gprint_text` varchar(255) default NULL,
  PRIMARY KEY  (`id`)
) ENGINE=MyISAM AUTO_INCREMENT=5 DEFAULT CHARSET=latin1;
/*!40101 SET character_set_client = @saved_cs_client */;

--
-- Dumping data for table `graph_templates_gprint`
--

LOCK TABLES `graph_templates_gprint` WRITE;
/*!40000 ALTER TABLE `graph_templates_gprint` DISABLE KEYS */;
INSERT INTO `graph_templates_gprint` VALUES (2,'e9c43831e54eca8069317a2ce8c6f751','Normal','%8.2lf %s'),(3,'19414480d6897c8731c7dc6c5310653e','Exact Numbers','%8.0lf'),(4,'304a778405392f878a6db435afffc1e9','Load Average','%8.2lf');
/*!40000 ALTER TABLE `graph_templates_gprint` ENABLE KEYS */;
UNLOCK TABLES;

--
-- Table structure for table `graph_templates_graph`
--

DROP TABLE IF EXISTS `graph_templates_graph`;
/*!40101 SET @saved_cs_client     = @@character_set_client */;
/*!40101 SET character_set_client = utf8 */;
CREATE TABLE `graph_templates_graph` (
  `id` mediumint(8) unsigned NOT NULL auto_increment,
  `local_graph_template_graph_id` mediumint(8) unsigned NOT NULL default '0',
  `local_graph_id` mediumint(8) unsigned NOT NULL default '0',
  `graph_template_id` mediumint(8) unsigned NOT NULL default '0',
  `t_image_format_id` char(2) default '0',
  `image_format_id` tinyint(1) NOT NULL default '0',
  `t_title` char(2) default '0',
  `title` varchar(255) NOT NULL default '',
  `title_cache` varchar(255) NOT NULL default '',
  `t_height` char(2) default '0',
  `height` mediumint(8) NOT NULL default '0',
  `t_width` char(2) default '0',
  `width` mediumint(8) NOT NULL default '0',
  `t_upper_limit` char(2) default '0',
  `upper_limit` varchar(20) NOT NULL default '0',
  `t_lower_limit` char(2) default '0',
  `lower_limit` varchar(20) NOT NULL default '0',
  `t_vertical_label` char(2) default '0',
  `vertical_label` varchar(200) default NULL,
  `t_slope_mode` char(2) default '0',
  `slope_mode` char(2) default 'on',
  `t_auto_scale` char(2) default '0',
  `auto_scale` char(2) default NULL,
  `t_auto_scale_opts` char(2) default '0',
  `auto_scale_opts` tinyint(1) NOT NULL default '0',
  `t_auto_scale_log` char(2) default '0',
  `auto_scale_log` char(2) default NULL,
  `t_scale_log_units` char(2) default '0',
  `scale_log_units` char(2) default NULL,
  `t_auto_scale_rigid` char(2) default '0',
  `auto_scale_rigid` char(2) default NULL,
  `t_auto_padding` char(2) default '0',
  `auto_padding` char(2) default NULL,
  `t_base_value` char(2) default '0',
  `base_value` mediumint(8) NOT NULL default '0',
  `t_grouping` char(2) default '0',
  `grouping` char(2) NOT NULL default '',
  `t_export` char(2) default '0',
  `export` char(2) default NULL,
  `t_unit_value` char(2) default '0',
  `unit_value` varchar(20) default NULL,
  `t_unit_exponent_value` char(2) default '0',
  `unit_exponent_value` varchar(5) NOT NULL default '',
  PRIMARY KEY  (`id`),
  KEY `local_graph_id` (`local_graph_id`),
  KEY `graph_template_id` (`graph_template_id`),
  KEY `title_cache` (`title_cache`)
) ENGINE=MyISAM AUTO_INCREMENT=782 DEFAULT CHARSET=latin1 COMMENT='Stores the actual graph data.';
/*!40101 SET character_set_client = @saved_cs_client */;

--
-- Dumping data for table `graph_templates_graph`
--

LOCK TABLES `graph_templates_graph` WRITE;
/*!40000 ALTER TABLE `graph_templates_graph` DISABLE KEYS */;
INSERT INTO `graph_templates_graph` VALUES (2,0,0,2,'',1,'on','|host_description| - Traffic','','',120,'',500,'','100','','0','','bits per second','0','on','','on','',2,'','','0','','','on','','on','',1000,'0','','','on','','','',''),(3,0,0,3,'',1,'on','|host_description| - Hard Drive Space','','',120,'',500,'','100','','0','','bytes','0','on','','on','',2,'','','0','','','on','','on','',1024,'0','','','on','','','',''),(4,0,0,4,'',1,'','|host_description| - CPU Usage','','',120,'',500,'','100','','0','','percent','0','on','','on','',2,'','','0','','','on','','on','',1000,'0','','','on','','','',''),(5,0,0,5,'',1,'on','|host_description| - Wireless Levels','','',120,'',500,'','100','','0','','percent','0','on','','','',2,'','','0','','','on','','on','',1000,'0','','','on','','','',''),(6,0,0,6,'',1,'on','|host_description| - Wireless Transmissions','','',120,'',500,'','100','','0','','transmissions','0','on','','on','',2,'','','0','','','on','','on','',1000,'0','','','on','','','',''),(7,0,0,7,'',1,'','|host_description| - Ping Latency','','',120,'',500,'','100','','0','','milliseconds','0','on','','on','',2,'','','0','','','','','on','',1000,'0','','','on','','','',''),(8,0,0,8,'',1,'','|host_description| - Processes','','',120,'',500,'','100','','0','','processes','0','on','','on','',2,'','','0','','','','','on','',1000,'0','','','on','','','',''),(9,0,0,9,'',1,'','|host_description| - Load Average','','',120,'',500,'','100','','0','','processes in the run queue','0','on','','on','',2,'','','0','','','on','','on','',1000,'0','','','on','','','','0'),(10,0,0,10,'',1,'','|host_description| - Logged in Users','','',120,'',500,'','100','','0','','users','0','on','','on','',2,'','','0','','','on','','on','',1000,'0','','','on','','','',''),(11,0,0,11,'',1,'','|host_description| - Load Average','','',120,'',500,'','100','','0','','processes in the run queue','0','on','','on','',2,'','','0','','','on','','on','',1000,'0','','','on','','','','0'),(12,0,0,12,'',1,'','|host_description| - Memory Usage','','',120,'',500,'','100','','0','','kilobytes','0','on','','on','',2,'','','0','','','on','','on','',1000,'0','','','on','','','',''),(13,0,0,13,'',1,'','|host_description| - Memory Usage','','',120,'',500,'','100','','0','','bytes','0','on','','on','',2,'','','0','','','on','','on','',1000,'0','','','on','','','',''),(14,0,0,14,'',1,'','|host_description| - File System Cache','','',120,'',500,'','100','','0','','cache checks/hits','0','on','','on','',2,'','','0','','','on','','on','',1000,'0','','','on','','','',''),(15,0,0,15,'',1,'','|host_description| - CPU Utilization','','',120,'',500,'','100','','0','','percent','0','on','','on','',2,'','','0','','','on','','on','',1000,'0','','','on','','','',''),(16,0,0,16,'',1,'','|host_description| - File System Activity','','',120,'',500,'','100','','0','','reads/writes per sec','0','on','','on','',2,'','','0','','','on','','on','',1000,'0','','','on','','','',''),(17,0,0,17,'',1,'','|host_description| - Logged In Users','','',120,'',500,'','100','','0','','users','0','on','','on','',2,'','','0','','','on','','on','',1000,'0','','','on','','','',''),(18,0,0,18,'',1,'','|host_description| - CPU Usage','','',120,'',500,'','100','','0','','percent','0','on','','on','',2,'','','0','','','on','','on','',1000,'0','','','on','','','',''),(19,0,0,19,'',1,'on','|host_description| - Volume Information','','',120,'',500,'','100','','0','','bytes','0','on','','on','',2,'','','0','','','on','','on','',1000,'0','','','on','','','',''),(20,0,0,20,'',1,'','|host_description| - Directory Information','','',120,'',500,'','100','','0','','directory entries','0','on','','on','',2,'','','0','','','on','','on','',1000,'0','','','on','','','',''),(21,0,0,21,'',1,'on','|host_description| - Available Disk Space','','',120,'',500,'','100','','0','','bytes','0','on','','on','',2,'','','0','','','on','','on','',1024,'0','','','on','','','',''),(22,0,0,22,'',1,'on','|host_description| - Errors/Discards','','',120,'',500,'','100','','0','','errors/sec','0','on','','on','',2,'','','0','','','on','','on','',1000,'0','','','on','','','',''),(23,0,0,23,'',1,'on','|host_description| - Unicast Packets','','',120,'',500,'','100','','0','','packets/sec','0','on','','on','',2,'','','0','','','on','','on','',1000,'0','','','on','','','',''),(24,0,0,24,'',1,'on','|host_description| - Non-Unicast Packets','','',120,'',500,'','100','','0','','packets/sec','0','on','','on','',2,'','','0','','','on','','on','',1000,'0','','','on','','','',''),(25,0,0,25,'',1,'on','|host_description| - Traffic','','',120,'',500,'','100','','0','','bytes per second','0','on','','on','',2,'','','0','','','on','','on','',1000,'0','','','on','','','',''),(34,0,0,26,'',1,'on','|host_description| - Available Disk Space','','',120,'',500,'','100','','0','','bytes','0','on','','on','',2,'','','0','','','on','','on','',1024,'0','','','on','','','',''),(35,0,0,27,'',1,'on','|host_description| - CPU Utilization','','',120,'',500,'','100','','0','','percent','0','on','','on','',2,'','','0','','','on','','on','',1000,'0','','','on','','','',''),(36,0,0,28,'',1,'','|host_description| - Logged in Users','','',120,'',500,'','100','','0','','users','0','on','','on','',2,'','','0','','','on','','on','',1000,'0','','','on','','','',''),(37,0,0,29,'',1,'','|host_description| - Processes','','',120,'',500,'','100','','0','','processes','0','on','','on','',2,'','','0','','','','','on','',1000,'0','','','on','','','',''),(42,0,0,30,'',1,'','|host_description| - Open Files','','',120,'',500,'','100','','0','','files','0','on','','on','',2,'','','0','','','','','on','',1000,'0','','','on','','','',''),(43,0,0,31,'',1,'on','|host_description| - Traffic','','',120,'',500,'','100','','0','','bits per second','0','on','','on','',2,'','','0','','','on','','on','',1000,'0','','','on','','','',''),(44,0,0,32,'',1,'on','|host_description| - Traffic','','',120,'',500,'','100','','0','','bits per second','0','on','','on','',2,'','','0','','','on','','on','',1000,'0','','','on','','','',''),(45,0,0,33,'',1,'on','|host_description| - Traffic','','',120,'',500,'','100','','0','','bytes per second','0','on','','on','',2,'','','0','','','on','','on','',1000,'0','','','on','','','',''),(47,0,0,34,'',1,'on','|host_description| -','','',120,'',500,'','100','','0','on','','0','on','','on','',2,'','','0','','','','','on','',1000,'0','','','on','','','',''),(779,0,0,40,'',1,'','|host_description| - Interface Utilization - |query_DeviceID| - |query_InterfaceAlias|','','',120,'',500,'','100','','0','','Percent','','on','','on','',2,'','','','','','on','','on','',1000,'0','','','on','','','',''),(780,0,0,41,'',1,'','|host_description| - Temperature - |query_Description|','','',120,'',500,'','100','','0','','Celcius','','on','','on','',2,'','','','','','on','','on','',1000,'0','','','on','','','',''),(781,0,0,42,'',1,'','|host_description| - Processor - |query_Description|','','',120,'',500,'','100','','0','','Percentage','','on','','on','',2,'','','','','','on','','on','',1000,'0','','','on','','','','');
/*!40000 ALTER TABLE `graph_templates_graph` ENABLE KEYS */;
UNLOCK TABLES;

--
-- Table structure for table `graph_templates_item`
--

DROP TABLE IF EXISTS `graph_templates_item`;
/*!40101 SET @saved_cs_client     = @@character_set_client */;
/*!40101 SET character_set_client = utf8 */;
CREATE TABLE `graph_templates_item` (
  `id` int(12) unsigned NOT NULL auto_increment,
  `hash` varchar(32) NOT NULL default '',
  `local_graph_template_item_id` int(12) unsigned NOT NULL default '0',
  `local_graph_id` mediumint(8) unsigned NOT NULL default '0',
  `graph_template_id` mediumint(8) unsigned NOT NULL default '0',
  `task_item_id` mediumint(8) unsigned NOT NULL default '0',
  `color_id` mediumint(8) unsigned NOT NULL default '0',
  `alpha` char(2) default 'FF',
  `graph_type_id` tinyint(3) NOT NULL default '0',
  `cdef_id` mediumint(8) unsigned NOT NULL default '0',
  `consolidation_function_id` tinyint(2) NOT NULL default '0',
  `text_format` varchar(255) default NULL,
  `value` varchar(255) default NULL,
  `hard_return` char(2) default NULL,
  `gprint_id` mediumint(8) unsigned NOT NULL default '0',
  `sequence` mediumint(8) unsigned NOT NULL default '0',
  PRIMARY KEY  (`id`),
  KEY `graph_template_id` (`graph_template_id`),
  KEY `local_graph_id` (`local_graph_id`),
  KEY `task_item_id` (`task_item_id`)
) ENGINE=MyISAM AUTO_INCREMENT=4573 DEFAULT CHARSET=latin1 COMMENT='Stores the actual graph item data.';
/*!40101 SET character_set_client = @saved_cs_client */;

--
-- Dumping data for table `graph_templates_item`
--

LOCK TABLES `graph_templates_item` WRITE;
/*!40000 ALTER TABLE `graph_templates_item` DISABLE KEYS */;
INSERT INTO `graph_templates_item` VALUES (9,'0470b2427dbfadb6b8346e10a71268fa',0,0,2,54,22,'FF',7,2,1,'Inbound','','',2,1),(10,'84a5fe0db518550266309823f994ce9c',0,0,2,54,0,'FF',9,2,4,'Current:','','',2,2),(11,'2f222f28084085cd06a1f46e4449c793',0,0,2,54,0,'FF',9,2,1,'Average:','','',2,3),(12,'55acbcc33f46ee6d754e8e81d1b54808',0,0,2,54,0,'FF',9,2,3,'Maximum:','','on',2,4),(13,'fdaf2321fc890e355711c2bffc07d036',0,0,2,55,20,'FF',4,2,1,'Outbound','','',2,5),(14,'768318f42819217ed81196d2179d3e1b',0,0,2,55,0,'FF',9,2,4,'Current:','','',2,6),(15,'cb3aa6256dcb3acd50d4517b77a1a5c3',0,0,2,55,0,'FF',9,2,1,'Average:','','',2,7),(16,'671e989be7cbf12c623b4e79d91c7bed',0,0,2,55,0,'FF',9,2,3,'Maximum:','','on',2,8),(17,'b561ed15b3ba66d277e6d7c1640b86f7',0,0,3,4,48,'FF',7,14,1,'Used','','',2,1),(18,'99ef051057fa6adfa6834a7632e9d8a2',0,0,3,4,0,'FF',9,14,4,'Current:','','',2,2),(19,'3986695132d3f4716872df4c6fbccb65',0,0,3,4,0,'FF',9,14,1,'Average:','','',2,3),(20,'0444300017b368e6257f010dca8bbd0d',0,0,3,4,0,'FF',9,14,3,'Maximum:','','on',2,4),(21,'4d6a0b9063124ca60e2d1702b3e15e41',0,0,3,3,20,'FF',8,14,1,'Available','','',2,5),(22,'181b08325e4d00cd50b8cdc8f8ae8e77',0,0,3,3,0,'FF',9,14,4,'Current:','','',2,6),(23,'bba0a9ff1357c990df50429d64314340',0,0,3,3,0,'FF',9,14,1,'Average:','','',2,7),(24,'d4a67883d53bc1df8aead21c97c0bc52',0,0,3,3,0,'FF',9,14,3,'Maximum:','','on',2,8),(25,'253c9ec2d66905245149c1c2dc8e536e',0,0,3,0,1,'FF',5,15,1,'Total','','',2,9),(26,'ea9ea883383f4eb462fec6aa309ba7b5',0,0,3,0,0,'FF',9,15,4,'Current:','','',2,10),(27,'83b746bcaba029eeca170a9f77ec4864',0,0,3,0,0,'FF',9,15,1,'Average:','','',2,11),(28,'82e01dd92fd37887c0696192efe7af65',0,0,3,0,0,'FF',9,15,3,'Maximum:','','on',2,12),(29,'ff0a6125acbb029b814ed1f271ad2d38',0,0,4,5,9,'FF',7,0,1,'System','','',2,1),(30,'f0776f7d6638bba76c2c27f75a424f0f',0,0,4,5,0,'FF',9,0,4,'Current:','','',2,2),(31,'39f4e021aa3fed9207b5f45a82122b21',0,0,4,5,0,'FF',9,0,1,'Average:','','',2,3),(32,'800f0b067c06f4ec9c2316711ea83c1e',0,0,4,5,0,'FF',9,0,3,'Maximum:','','on',2,4),(33,'9419dd5dbf549ba4c5dc1462da6ee321',0,0,4,6,21,'FF',8,0,1,'User','','',2,5),(34,'e461dd263ae47657ea2bf3fd82bec096',0,0,4,6,0,'FF',9,0,4,'Current:','','',2,6),(35,'f2d1fbb8078a424ffc8a6c9d44d8caa0',0,0,4,6,0,'FF',9,0,1,'Average:','','',2,7),(36,'e70a5de639df5ba1705b5883da7fccfc',0,0,4,6,0,'FF',9,0,3,'Maximum:','','on',2,8),(37,'85fefb25ce9fd0317da2706a5463fc42',0,0,4,7,12,'FF',8,0,1,'Nice','','',2,9),(38,'a1cb26878776999db16f1de7577b3c2a',0,0,4,7,0,'FF',9,0,4,'Current:','','',2,10),(39,'7d0f9bf64a0898a0095f099674754273',0,0,4,7,0,'FF',9,0,1,'Average:','','',2,11),(40,'b2879248a522d9679333e1f29e9a87c3',0,0,4,7,0,'FF',9,0,3,'Maximum:','','on',2,12),(41,'d800aa59eee45383b3d6d35a11cdc864',0,0,4,0,1,'FF',4,12,1,'Total','','',2,13),(42,'cab4ae79a546826288e273ca1411c867',0,0,4,0,0,'FF',9,12,4,'Current:','','',2,14),(43,'d44306ae85622fec971507460be63f5c',0,0,4,0,0,'FF',9,12,1,'Average:','','',2,15),(44,'aa5c2118035bb83be497d4e099afcc0d',0,0,4,0,0,'FF',9,12,3,'Maximum:','','on',2,16),(45,'4aa34ea1b7542b770ace48e8bc395a22',0,0,5,9,48,'FF',7,0,1,'Signal Level','','',2,1),(46,'22f118a9d81d0a9c8d922efbbc8a9cc1',0,0,5,9,0,'FF',9,0,4,'Current:','','',2,2),(47,'229de0c4b490de9d20d8f8d41059f933',0,0,5,9,0,'FF',9,0,1,'Average:','','',2,3),(48,'cd17feb30c02fd8f21e4d4dcde04e024',0,0,5,9,0,'FF',9,0,3,'Maximum:','','on',2,4),(49,'8723600cfd0f8a7b3f7dc1361981aabd',0,0,5,8,25,'FF',5,0,1,'Noise Level','','',2,5),(50,'cb06be2601b5abfb7a42fc07586de1c2',0,0,5,8,0,'FF',9,0,4,'Current:','','',2,6),(51,'55a2ee0fd511e5210ed85759171de58f',0,0,5,8,0,'FF',9,0,1,'Average:','','',2,7),(52,'704459564c84e42462e106eef20db169',0,0,5,8,0,'FF',9,0,3,'Maximum:','','on',2,8),(53,'aaebb19ec522497eaaf8c87a631b7919',0,0,6,10,48,'FF',7,0,1,'Transmissions','','',2,1),(54,'8b54843ac9d41bce2fcedd023560ed64',0,0,6,10,0,'FF',9,0,4,'Current:','','',2,2),(55,'05927dc83e07c7d9cffef387d68f35c9',0,0,6,10,0,'FF',9,0,1,'Average:','','',2,3),(56,'d11e62225a7e7a0cdce89242002ca547',0,0,6,10,0,'FF',9,0,3,'Maximum:','','on',2,4),(57,'6397b92032486c476b0e13a35b727041',0,0,6,11,25,'FF',5,0,1,'Re-Transmissions','','',2,5),(58,'cdfa5f8f82f4c479ff7f6f54160703f6',0,0,6,11,0,'FF',9,0,4,'Current:','','',2,6),(59,'ce2a309fb9ef64f83f471895069a6f07',0,0,6,11,0,'FF',9,0,1,'Average:','','',2,7),(60,'9cbfbf57ebde435b27887f27c7d3caea',0,0,6,11,0,'FF',9,0,3,'Maximum:','','on',2,8),(61,'80e0aa956f50c261e5143273da58b8a3',0,0,7,21,25,'FF',7,0,1,'','','',2,1),(62,'48fdcae893a7b7496e1a61efc3453599',0,0,7,21,0,'FF',9,0,4,'Current:','','',2,2),(63,'22f43e5fa20f2716666ba9ed9a7d1727',0,0,7,21,0,'FF',9,0,1,'Average:','','',2,3),(64,'3e86d497bcded7af7ab8408e4908e0d8',0,0,7,21,0,'FF',9,0,3,'Maximum:','','on',2,4),(65,'ba00ecd28b9774348322ff70a96f2826',0,0,8,19,48,'FF',7,0,1,'Running Processes','','',2,1),(66,'8d76de808efd73c51e9a9cbd70579512',0,0,8,19,0,'FF',9,0,4,'Current:','','',3,2),(67,'304244ca63d5b09e62a94c8ec6fbda8d',0,0,8,19,0,'FF',9,0,1,'Average:','','',3,3),(68,'da1ba71a93d2ed4a2a00d54592b14157',0,0,8,19,0,'FF',9,0,3,'Maximum:','','on',3,4),(69,'93ad2f2803b5edace85d86896620b9da',0,0,9,12,15,'FF',7,0,1,'1 Minute Average','','',2,1),(70,'e28736bf63d3a3bda03ea9f1e6ecb0f1',0,0,9,12,0,'FF',9,0,4,'Current:','','on',4,2),(71,'bbdfa13adc00398eed132b1ccb4337d2',0,0,9,13,8,'FF',8,0,1,'5 Minute Average','','',2,3),(72,'2c14062c7d67712f16adde06132675d6',0,0,9,13,0,'FF',9,0,4,'Current:','','on',4,4),(73,'9cf6ed48a6a54b9644a1de8c9929bd4e',0,0,9,14,9,'FF',8,0,1,'15 Minute Average','','',2,5),(74,'c9824064305b797f38feaeed2352e0e5',0,0,9,14,0,'FF',9,0,4,'Current:','','on',4,6),(75,'fa1bc4eff128c4da70f5247d55b8a444',0,0,9,0,1,'FF',4,12,1,'','','on',2,7),(76,'5c94ac24bc0d6d2712cc028fa7d4c7d2',0,0,10,20,67,'FF',7,0,1,'Users','','',2,1),(77,'8bc7f905526f62df7d5c2d8c27c143c1',0,0,10,20,0,'FF',9,0,4,'Current:','','',3,2),(78,'cd074cd2b920aab70d480c020276d45b',0,0,10,20,0,'FF',9,0,1,'Average:','','',3,3),(79,'415630f25f5384ba0c82adbdb05fe98b',0,0,10,20,0,'FF',9,0,3,'Maximum:','','on',3,4),(80,'d77d2050be357ab067666a9485426e6b',0,0,11,33,15,'FF',7,0,1,'1 Minute Average','','',2,1),(81,'13d22f5a0eac6d97bf6c97d7966f0a00',0,0,11,33,0,'FF',9,0,4,'Current:','','on',4,2),(82,'8580230d31d2851ec667c296a665cbf9',0,0,11,34,8,'FF',8,0,1,'5 Minute Average','','',2,3),(83,'b5b7d9b64e7640aa51dbf58c69b86d15',0,0,11,34,0,'FF',9,0,4,'Current:','','on',4,4),(84,'2ec10edf4bfaa866b7efd544d4c3f446',0,0,11,35,9,'FF',8,0,1,'15 Minute Average','','',2,5),(85,'b65666f0506c0c70966f493c19607b93',0,0,11,35,0,'FF',9,0,4,'Current:','','on',4,6),(86,'6c73575c74506cfc75b89c4276ef3455',0,0,11,0,1,'FF',4,12,1,'Total','','on',2,7),(95,'5fa7c2317f19440b757ab2ea1cae6abc',0,0,12,16,41,'FF',7,14,1,'Free','','',2,9),(96,'b1d18060bfd3f68e812c508ff4ac94ed',0,0,12,16,0,'FF',9,14,4,'Current:','','',2,10),(97,'780b6f0850aaf9431d1c246c55143061',0,0,12,16,0,'FF',9,14,1,'Average:','','',2,11),(98,'2d54a7e7bb45e6c52d97a09e24b7fba7',0,0,12,16,0,'FF',9,14,3,'Maximum:','','on',2,12),(99,'40206367a3c192b836539f49801a0b15',0,0,12,18,30,'FF',8,14,1,'Swap','','',2,13),(100,'7ee72e2bb3722d4f8a7f9c564e0dd0d0',0,0,12,18,0,'FF',9,14,4,'Current:','','',2,14),(101,'c8af33b949e8f47133ee25e63c91d4d0',0,0,12,18,0,'FF',9,14,1,'Average:','','',2,15),(102,'568128a16723d1195ce6a234d353ce00',0,0,12,18,0,'FF',9,14,3,'Maximum:','','on',2,16),(103,'7517a40d478e28ed88ba2b2a65e16b57',0,0,13,37,52,'FF',7,14,1,'Memory Free','','',2,1),(104,'df0c8b353d26c334cb909dc6243957c5',0,0,13,37,0,'FF',9,14,4,'Current:','','',2,2),(105,'c41a4cf6fefaf756a24f0a9510580724',0,0,13,37,0,'FF',9,14,1,'Average:','','',2,3),(106,'9efa8f01c6ed11364a21710ff170f422',0,0,13,37,0,'FF',9,14,3,'Maximum:','','on',2,4),(107,'95d6e4e5110b456f34324f7941d08318',0,0,13,36,35,'FF',8,14,1,'Memory Buffers','','',2,5),(108,'0c631bfc0785a9cca68489ea87a6c3da',0,0,13,36,0,'FF',9,14,4,'Current:','','',2,6),(109,'3468579d3b671dfb788696df7dcc1ec9',0,0,13,36,0,'FF',9,14,1,'Average:','','',2,7),(110,'c3ddfdaa65449f99b7f1a735307f9abe',0,0,13,36,0,'FF',9,14,3,'Maximum:','','on',2,8),(111,'4c64d5c1ce8b5d8b94129c23b46a5fd6',0,0,14,28,41,'FF',7,0,1,'Cache Hits','','',2,1),(112,'5c1845c9bd1af684a3c0ad843df69e3e',0,0,14,28,0,'FF',9,0,4,'Current:','','',3,2),(113,'e5169563f3f361701902a8da3ac0c77f',0,0,14,28,0,'FF',9,0,1,'Average:','','',3,3),(114,'35e87262efa521edbb1fd27f09c036f5',0,0,14,28,0,'FF',9,0,3,'Maximum:','','on',3,4),(115,'53069d7dba4c31b338f609bea4cd16f3',0,0,14,27,66,'FF',8,0,1,'Cache Checks','','',2,5),(116,'d9c102579839c5575806334d342b50de',0,0,14,27,0,'FF',9,0,4,'Current:','','',3,6),(117,'dc1897c3249dbabe269af49cee92f8c0',0,0,14,27,0,'FF',9,0,1,'Average:','','',3,7),(118,'ccd21fe0b5a8c24057f1eff4a6b66391',0,0,14,27,0,'FF',9,0,3,'Maximum:','','on',3,8),(119,'ab09d41c358f6b8a9d0cad4eccc25529',0,0,15,76,9,'FF',7,0,1,'CPU Utilization','','',2,1),(120,'5d5b8d8fbe751dc9c86ee86f85d7433b',0,0,15,76,0,'FF',9,0,4,'Current:','','',3,2),(121,'4822a98464c6da2afff10c6d12df1831',0,0,15,76,0,'FF',9,0,1,'Average:','','',3,3),(122,'fc6fbf2a964bea0b3c88ed0f18616aa7',0,0,15,76,0,'FF',9,0,3,'Maximum:','','on',3,4),(123,'e4094625d5443b4c87f9a87ba616a469',0,0,16,25,67,'FF',7,0,1,'File System Reads','','',2,1),(124,'ae68425cd10e8a6623076b2e6859a6aa',0,0,16,25,0,'FF',9,0,4,'Current:','','',3,2),(125,'40b8e14c6568b3f6be6a5d89d6a9f061',0,0,16,25,0,'FF',9,0,1,'Average:','','',3,3),(126,'4afbdc3851c03e206672930746b1a5e2',0,0,16,25,0,'FF',9,0,3,'Maximum:','','on',3,4),(127,'ea47d2b5516e334bc5f6ce1698a3ae76',0,0,16,26,93,'FF',8,0,1,'File System Writes','','',2,5),(128,'899c48a2f79ea3ad4629aff130d0f371',0,0,16,26,0,'FF',9,0,4,'Current:','','',3,6),(129,'ab474d7da77e9ec1f6a1d45c602580cd',0,0,16,26,0,'FF',9,0,1,'Average:','','',3,7),(130,'e143f8b4c6d4eeb6a28b052e6b8ce5a9',0,0,16,26,0,'FF',9,0,3,'Maximum:','','on',3,8),(131,'facfeeb6fc2255ba2985b2d2f695d78a',0,0,17,23,30,'FF',7,0,1,'Current Logins','','',2,1),(132,'2470e43034a5560260d79084432ed14f',0,0,17,23,0,'FF',9,0,4,'Current:','','',3,2),(133,'e9e645f07bde92b52d93a7a1f65efb30',0,0,17,23,0,'FF',9,0,1,'Average:','','',3,3),(134,'bdfe0d66103211cfdaa267a44a98b092',0,0,17,23,0,'FF',9,0,3,'Maximum:','','on',3,4),(139,'098b10c13a5701ddb7d4d1d2e2b0fdb7',0,0,18,30,9,'FF',7,0,1,'CPU Usage','','',2,1),(140,'1dbda412a9926b0ee5c025aa08f3b230',0,0,18,30,0,'FF',9,0,4,'Current:','','',3,2),(141,'725c45917146807b6a4257fc351f2bae',0,0,18,30,0,'FF',9,0,1,'Average:','','',3,3),(142,'4e336fdfeb84ce65f81ded0e0159a5e0',0,0,18,30,0,'FF',9,0,3,'Maximum:','','on',3,4),(143,'7dab7a3ceae2addd1cebddee6c483e7c',0,0,19,39,25,'FF',7,14,1,'Free Space','','',2,5),(144,'aea239f3ceea8c63d02e453e536190b8',0,0,19,39,0,'FF',9,14,4,'Current:','','',2,6),(145,'a0efae92968a6d4ae099b676e0f1430e',0,0,19,39,0,'FF',9,14,1,'Average:','','',2,7),(146,'4fd5ba88be16e3d513c9231b78ccf0e1',0,0,19,39,0,'FF',9,14,3,'Maximum:','','on',2,8),(147,'d2e98e51189e1d9be8888c3d5c5a4029',0,0,19,38,69,'FF',7,14,1,'Total Space','','',2,1),(148,'12829294ee3958f4a31a58a61228e027',0,0,19,38,0,'FF',9,14,4,'Current:','','',2,2),(149,'4b7e8755b0f2253723c1e9fb21fd37b1',0,0,19,38,0,'FF',9,14,1,'Average:','','',2,3),(150,'cbb19ffd7a0ead2bf61512e86d51ee8e',0,0,19,38,0,'FF',9,14,3,'Maximum:','','on',2,4),(151,'37b4cbed68f9b77e49149343069843b4',0,0,19,40,95,'FF',5,14,1,'Freeable Space','','',2,9),(152,'5eb7532200f2b5cc93e13743a7db027c',0,0,19,40,0,'FF',9,14,4,'Current:','','',2,10),(153,'b0f9f602fbeaaff090ea3f930b46c1c7',0,0,19,40,0,'FF',9,14,1,'Average:','','',2,11),(154,'06477f7ea46c63272cee7253e7cd8760',0,0,19,40,0,'FF',9,14,3,'Maximum:','','on',2,12),(171,'a751838f87068e073b95be9555c57bde',0,0,21,56,0,'FF',9,14,3,'Maximum:','','on',2,4),(170,'3b13eb2e542fe006c9bf86947a6854fa',0,0,21,56,0,'FF',9,14,1,'Average:','','',2,3),(169,'8ef3e7fb7ce962183f489725939ea40f',0,0,21,56,0,'FF',9,14,4,'Current:','','',2,2),(167,'6ca2161c37b0118786dbdb46ad767e5d',0,0,21,56,48,'FF',7,14,1,'Used','','',2,1),(159,'6877a2a5362a9390565758b08b9b37f7',0,0,20,43,77,'FF',7,0,1,'Used Directory Entries','','',2,1),(160,'a978834f3d02d833d3d2def243503bf2',0,0,20,43,0,'FF',9,0,4,'Current:','','',3,2),(161,'7422d87bc82de20a4333bd2f6460b2d4',0,0,20,43,0,'FF',9,0,1,'Average:','','',3,3),(162,'4d52762859a3fec297ebda0e7fd760d9',0,0,20,43,0,'FF',9,0,3,'Maximum:','','on',3,4),(163,'999d4ed1128ff03edf8ea47e56d361dd',0,0,20,42,1,'FF',5,0,1,'Available Directory Entries','','',2,5),(164,'3dfcd7f8c7a760ac89d34398af79b979',0,0,20,42,0,'FF',9,0,4,'Current:','','',3,6),(165,'217be75e28505c8f8148dec6b71b9b63',0,0,20,42,0,'FF',9,0,1,'Average:','','',3,7),(166,'69b89e1c5d6fc6182c93285b967f970a',0,0,20,42,0,'FF',9,0,3,'Maximum:','','on',3,8),(172,'5d6dff9c14c71dc1ebf83e87f1c25695',0,0,21,44,20,'FF',8,14,1,'Available','','',2,5),(173,'b27cb9a158187d29d17abddc6fdf0f15',0,0,21,44,0,'FF',9,14,4,'Current:','','',2,6),(174,'6c0555013bb9b964e51d22f108dae9b0',0,0,21,44,0,'FF',9,14,1,'Average:','','',2,7),(175,'42ce58ec17ef5199145fbf9c6ee39869',0,0,21,44,0,'FF',9,14,3,'Maximum:','','on',2,8),(176,'9bdff98f2394f666deea028cbca685f3',0,0,21,0,1,'FF',5,15,1,'Total','','',2,9),(177,'fb831fefcf602bc31d9d24e8e456c2e6',0,0,21,0,0,'FF',9,15,4,'Current:','','',2,10),(178,'5a958d56785a606c08200ef8dbf8deef',0,0,21,0,0,'FF',9,15,1,'Average:','','',2,11),(179,'5ce67a658cec37f526dc84ac9e08d6e7',0,0,21,0,0,'FF',9,15,3,'Maximum:','','on',2,12),(180,'7e04a041721df1f8828381a9ea2f2154',0,0,22,47,31,'FF',4,0,1,'Discards In','','',2,1),(181,'afc8bca6b1b3030a6d71818272336c6c',0,0,22,47,0,'FF',9,0,4,'Current:','','',2,2),(182,'6ac169785f5aeaf1cc5cdfd38dfcfb6c',0,0,22,47,0,'FF',9,0,1,'Average:','','',2,3),(183,'178c0a0ce001d36a663ff6f213c07505',0,0,22,47,0,'FF',9,0,3,'Maximum:','','on',2,4),(184,'8e3268c0abde7550616bff719f10ee2f',0,0,22,46,48,'FF',4,0,1,'Errors In','','',2,5),(185,'18891392b149de63b62c4258a68d75f8',0,0,22,46,0,'FF',9,0,4,'Current:','','',2,6),(186,'dfc9d23de0182c9967ae3dabdfa55a16',0,0,22,46,0,'FF',9,0,1,'Average:','','',2,7),(187,'c47ba64e2e5ea8bf84aceec644513176',0,0,22,46,0,'FF',9,0,3,'Maximum:','','on',2,8),(188,'9d052e7d632c479737fbfaced0821f79',0,0,23,49,71,'FF',4,0,1,'Unicast Packets Out','','',2,5),(189,'9b9fa6268571b6a04fa4411d8e08c730',0,0,23,49,0,'FF',9,0,4,'Current:','','',2,6),(190,'8e8f2fbeb624029cbda1d2a6ddd991ba',0,0,23,49,0,'FF',9,0,1,'Average:','','',2,7),(191,'c76495beb1ed01f0799838eb8a893124',0,0,23,49,0,'FF',9,0,3,'Maximum:','','on',2,8),(192,'d4e5f253f01c3ea77182c5a46418fc44',0,0,23,48,25,'FF',7,0,1,'Unicast Packets In','','',2,1),(193,'526a96add143da021c5f00d8764a6c12',0,0,23,48,0,'FF',9,0,4,'Current:','','',2,2),(194,'81eeb46f451212f00fd7caee42a81c0b',0,0,23,48,0,'FF',9,0,1,'Average:','','',2,3),(195,'089e4d1c3faeb00fd5dcc9622b06d656',0,0,23,48,0,'FF',9,0,3,'Maximum:','','on',2,4),(196,'fe66cb973966d22250de073405664200',0,0,24,53,25,'FF',7,0,1,'Non-Unicast Packets In','','',2,1),(197,'1ba3fc3466ad32fdd2669cac6cad6faa',0,0,24,53,0,'FF',9,0,4,'Current:','','',2,2),(198,'f810154d3a934c723c21659e66199cdf',0,0,24,53,0,'FF',9,0,1,'Average:','','',2,3),(199,'98a161df359b01304346657ff1a9d787',0,0,24,53,0,'FF',9,0,3,'Maximum:','','on',2,4),(200,'d5e55eaf617ad1f0516f6343b3f07c5e',0,0,24,52,71,'FF',4,0,1,'Non-Unicast Packets Out','','',2,5),(201,'9fde6b8c84089b9f9044e681162e7567',0,0,24,52,0,'FF',9,0,4,'Current:','','',2,6),(202,'9a3510727c3d9fa7e2e7a015783a99b3',0,0,24,52,0,'FF',9,0,1,'Average:','','',2,7),(203,'451afd23f2cb59ab9b975fd6e2735815',0,0,24,52,0,'FF',9,0,3,'Maximum:','','on',2,8),(204,'617d10dff9bbc3edd9d733d9c254da76',0,0,22,50,18,'FF',4,0,1,'Discards Out','','',2,9),(205,'9269a66502c34d00ac3c8b1fcc329ac6',0,0,22,50,0,'FF',9,0,4,'Current:','','',2,10),(206,'d45deed7e1ad8350f3b46b537ae0a933',0,0,22,50,0,'FF',9,0,1,'Average:','','',2,11),(207,'2f64cf47dc156e8c800ae03c3b893e3c',0,0,22,50,0,'FF',9,0,3,'Maximum:','','on',2,12),(208,'57434bef8cb21283c1a73f055b0ada19',0,0,22,51,89,'FF',4,0,1,'Errors Out','','',2,13),(209,'660a1b9365ccbba356fd142faaec9f04',0,0,22,51,0,'FF',9,0,4,'Current:','','',2,14),(210,'28c5297bdaedcca29acf245ef4bbed9e',0,0,22,51,0,'FF',9,0,1,'Average:','','',2,15),(211,'99098604fd0c78fd7dabac8f40f1fb29',0,0,22,51,0,'FF',9,0,3,'Maximum:','','on',2,16),(212,'de3eefd6d6c58afabdabcaf6c0168378',0,0,25,54,22,'FF',7,0,1,'Inbound','','',2,1),(213,'1a80fa108f5c46eecb03090c65bc9a12',0,0,25,54,0,'FF',9,0,4,'Current:','','',2,2),(214,'fe458892e7faa9d232e343d911e845f3',0,0,25,54,0,'FF',9,0,1,'Average:','','',2,3),(215,'175c0a68689bebc38aad2fbc271047b3',0,0,25,54,0,'FF',9,0,3,'Maximum:','','on',2,4),(216,'1bf2283106510491ddf3b9c1376c0b31',0,0,25,55,20,'FF',4,0,1,'Outbound','','',2,5),(217,'c5202f1690ffe45600c0d31a4a804f67',0,0,25,55,0,'FF',9,0,4,'Current:','','',2,6),(218,'eb9794e3fdafc2b74f0819269569ed40',0,0,25,55,0,'FF',9,0,1,'Average:','','',2,7),(219,'6bcedd61e3ccf7518ca431940c93c439',0,0,25,55,0,'FF',9,0,3,'Maximum:','','on',2,8),(303,'b7b381d47972f836785d338a3bef6661',0,0,26,78,0,'FF',9,0,3,'Maximum:','','on',2,8),(304,'36fa8063df3b07cece878d54443db727',0,0,26,78,0,'FF',9,0,1,'Average:','','',2,7),(305,'2c35b5cae64c5f146a55fcb416dd14b5',0,0,26,78,0,'FF',9,0,4,'Current:','','',2,6),(306,'16d6a9a7f608762ad65b0841e5ef4e9c',0,0,26,78,48,'FF',7,0,1,'Used','','',2,5),(307,'d80e4a4901ab86ee39c9cc613e13532f',0,0,26,92,20,'FF',7,0,1,'Total','','',2,1),(308,'567c2214ee4753aa712c3d101ea49a5d',0,0,26,92,0,'FF',9,0,4,'Current:','','',2,2),(309,'ba0b6a9e316ef9be66abba68b80f7587',0,0,26,92,0,'FF',9,0,1,'Average:','','',2,3),(310,'4b8e4a6bf2757f04c3e3a088338a2f7a',0,0,26,92,0,'FF',9,0,3,'Maximum:','','on',2,4),(317,'8536e034ab5268a61473f1ff2f6bd88f',0,0,27,79,0,'FF',9,0,1,'Average:','','',3,3),(316,'d478a76de1df9edf896c9ce51506c483',0,0,27,79,0,'FF',9,0,4,'Current:','','',3,2),(315,'42537599b5fb8ea852240b58a58633de',0,0,27,79,9,'FF',7,0,1,'CPU Utilization','','',2,1),(318,'87e10f9942b625aa323a0f39b60058e7',0,0,27,79,0,'FF',9,0,3,'Maximum:','','on',3,4),(319,'38f6891b0db92aa8950b4ce7ae902741',0,0,28,81,67,'FF',7,0,1,'Users','','',2,1),(320,'af13152956a20aa894ef4a4067b88f63',0,0,28,81,0,'FF',9,0,4,'Current:','','',3,2),(321,'1b2388bbede4459930c57dc93645284e',0,0,28,81,0,'FF',9,0,1,'Average:','','',3,3),(322,'6407dc226db1d03be9730f4d6f3eeccf',0,0,28,81,0,'FF',9,0,3,'Maximum:','','on',3,4),(323,'fca6a530c8f37476b9004a90b42ee988',0,0,29,80,48,'FF',7,0,1,'Running Processes','','',2,1),(324,'5acebbde3dc65e02f8fda03955852fbe',0,0,29,80,0,'FF',9,0,4,'Current:','','',3,2),(325,'311079ffffac75efaab2837df8123122',0,0,29,80,0,'FF',9,0,1,'Average:','','',3,3),(326,'724d27007ebf31016cfa5530fee1b867',0,0,29,80,0,'FF',9,0,3,'Maximum:','','on',3,4),(373,'1995d8c23e7d8e1efa2b2c55daf3c5a7',0,0,32,54,22,'FF',7,2,1,'Inbound','','',2,1),(358,'803b96bcaec33148901b4b562d9d2344',0,0,30,29,89,'FF',7,0,1,'Open Files','','',2,1),(359,'da26dd92666cb840f8a70e2ec5e90c07',0,0,30,29,0,'FF',9,0,4,'Current:','','',3,2),(360,'5258970186e4407ed31cca2782650c45',0,0,30,29,0,'FF',9,0,1,'Average:','','',3,3),(361,'7d08b996bde9cdc7efa650c7031137b4',0,0,30,29,0,'FF',9,0,3,'Maximum:','','on',3,4),(362,'918e6e7d41bb4bae0ea2937b461742a4',0,0,31,54,22,'FF',7,2,1,'Inbound','','',2,1),(363,'f19fbd06c989ea85acd6b4f926e4a456',0,0,31,54,0,'FF',9,2,4,'Current:','','',2,2),(364,'fc150a15e20c57e11e8d05feca557ef9',0,0,31,54,0,'FF',9,2,1,'Average:','','',2,3),(365,'ccbd86e03ccf07483b4d29e63612fb18',0,0,31,54,0,'FF',9,2,3,'Maximum:','','on',2,4),(366,'964c5c30cd05eaf5a49c0377d173de86',0,0,31,55,20,'FF',4,2,1,'Outbound','','',2,5),(367,'b1a6fb775cf62e79e1c4bc4933c7e4ce',0,0,31,55,0,'FF',9,2,4,'Current:','','',2,6),(368,'721038182a872ab266b5cf1bf7f7755c',0,0,31,55,0,'FF',9,2,1,'Average:','','',2,7),(369,'2302f80c2c70b897d12182a1fc11ecd6',0,0,31,55,0,'FF',9,2,3,'Maximum:','','on',2,8),(370,'4ffc7af8533d103748316752b70f8e3c',0,0,31,0,0,'FF',1,0,1,'','','',2,9),(371,'64527c4b6eeeaf627acc5117ff2180fd',0,0,31,55,9,'FF',2,0,1,'95th Percentile','|95:bits:0:max:2|','',2,10),(372,'d5bbcbdbf83ae858862611ac6de8fc62',0,0,31,55,0,'FF',1,0,1,'(|95:bits:6:max:2| mbit in+out)','','on',2,11),(374,'55083351cd728b82cc4dde68eb935700',0,0,32,54,0,'FF',9,2,4,'Current:','','',2,2),(375,'54782f71929e7d1734ed5ad4b8dda50d',0,0,32,54,0,'FF',9,2,1,'Average:','','',2,3),(376,'88d3094d5dc2164cbf2f974aeb92f051',0,0,32,54,0,'FF',9,2,3,'Maximum:','','on',2,4),(377,'4a381a8e87d4db1ac99cf8d9078266d3',0,0,32,55,20,'FF',4,2,1,'Outbound','','',2,6),(378,'5bff63207c7bf076d76ff3036b5dad54',0,0,32,55,0,'FF',9,2,4,'Current:','','',2,7),(379,'979fff9d691ca35e3f4b3383d9cae43f',0,0,32,55,0,'FF',9,2,1,'Average:','','',2,8),(380,'0e715933830112c23c15f7e3463f77b6',0,0,32,55,0,'FF',9,2,3,'Maximum:','','on',2,11),(383,'5b43e4102600ad75379c5afd235099c4',0,0,32,54,0,'FF',1,0,1,'Total In:  |sum:auto:current:2:auto|','','on',2,5),(384,'db7c15d253ca666601b3296f2574edc9',0,0,32,55,0,'FF',1,0,1,'Total Out: |sum:auto:current:2:auto|','','on',2,12),(385,'fdaec5b9227522c758ad55882c483a83',0,0,33,55,0,'FF',9,0,3,'Maximum:','','on',2,11),(386,'6824d29c3f13fe1e849f1dbb8377d3f1',0,0,33,55,0,'FF',9,0,1,'Average:','','',2,8),(387,'54e3971b3dd751dd2509f62721c12b41',0,0,33,55,0,'FF',9,0,4,'Current:','','',2,7),(388,'cf8c9f69878f0f595d583eac109a9be1',0,0,33,55,20,'FF',4,0,1,'Outbound','','',2,6),(389,'de265acbbfa99eb4b3e9f7e90c7feeda',0,0,33,54,0,'FF',9,0,3,'Maximum:','','on',2,4),(390,'777aa88fb0a79b60d081e0e3759f1cf7',0,0,33,54,0,'FF',9,0,1,'Average:','','',2,3),(391,'66bfdb701c8eeadffe55e926d6e77e71',0,0,33,54,0,'FF',9,0,4,'Current:','','',2,2),(392,'3ff8dba1ca6279692b3fcabed0bc2631',0,0,33,54,22,'FF',7,0,1,'Inbound','','',2,1),(393,'d6041d14f9c8fb9b7ddcf3556f763c03',0,0,33,55,0,'FF',1,0,1,'Total Out: |sum:auto:current:2:auto|','','on',2,12),(394,'76ae747365553a02313a2d8a0dd55c8a',0,0,33,54,0,'FF',1,0,1,'Total In:  |sum:auto:current:2:auto|','','on',2,5),(403,'8a1b44ab97d3b56207d0e9e77a035d25',0,0,13,95,30,'FF',8,14,1,'Cache Memory','','',2,9),(404,'6db3f439e9764941ff43fbaae348f5dc',0,0,13,95,0,'FF',9,14,4,'Current:','','',2,10),(405,'cc9b2fe7acf0820caa61c1519193f65e',0,0,13,95,0,'FF',9,14,1,'Average:','','',2,11),(406,'9eea140bdfeaa40d50c5cdcd1f23f72d',0,0,13,95,0,'FF',9,14,3,'Maximum:','','on',2,12),(407,'41316670b1a36171de2bda91a0cc2364',0,0,34,96,98,'FF',7,0,1,'','','',2,1),(408,'c9e8cbdca0215b434c902e68755903ea',0,0,34,96,0,'FF',9,0,4,'Current:','','',2,2),(409,'dab91d7093e720841393feea5bdcba85',0,0,34,96,0,'FF',9,0,1,'Average:','','',2,3),(410,'03e5bd2151fea3c90843eb1130b84458',0,0,34,96,0,'FF',9,0,3,'Maximum:','','on',2,4),(4555,'00cf2f58a1cd8e732f4c318b3129f614',0,0,40,1507,25,'FF',7,0,1,'Utilization:','','',2,1),(4556,'363501a5c49ca27862625fd110c8ea64',0,0,40,1507,0,'FF',9,0,4,'Current:','','',2,2),(4557,'b727aeb3c4125050ffbe43c6285efea1',0,0,40,1507,0,'FF',9,0,1,'Average:','','',2,3),(4558,'71a0215fdf0da7d4c36d8daab838a882',0,0,40,1507,0,'FF',9,0,3,'Maximum:','','on',2,4),(4559,'1badb1fbc324d929a97bfce1b291b0df',0,0,40,1508,9,'FF',4,0,1,'','','',2,5),(4560,'3b52700c491e62616241160a3383663d',0,0,40,1508,0,'FF',9,0,1,'Threshold:','','on',2,6),(4561,'adebce5ca48d3e209a1924df0fd343ec',0,0,41,1509,25,'FF',7,0,1,'Temperature:','','',2,1),(4562,'c1445a1e84ce39c9635272b554f8f6e0',0,0,41,1509,0,'FF',9,0,4,'Current:','','',2,2),(4563,'cad7779858ecfdf794a5ba77643dac11',0,0,41,1509,0,'FF',9,0,1,'Average:','','',2,3),(4564,'22e9b042736273e608f40b80386d002a',0,0,41,1509,0,'FF',9,0,3,'Maximum:','','on',2,4),(4565,'cd062eb8a371ab9143a9794ad7ab41f7',0,0,41,1510,9,'FF',4,0,1,'Threshold:','','',2,5),(4566,'53bf389cc7ab4421eb33eb9b20d57650',0,0,41,1510,0,'FF',9,0,1,'','','on',2,6),(4567,'d772b4d5037c087c2ec6707f4c5d9ff8',0,0,42,1512,25,'FF',7,0,1,'Utilization:','','',2,1),(4568,'8b4926c2c5d6ae55c9fc473f30f71d01',0,0,42,1512,0,'FF',9,0,4,'Current:','','',2,2),(4569,'e536b6dfe28cc3b18135ac53f0df8725',0,0,42,1512,0,'FF',9,0,1,'Average:','','',2,3),(4570,'2a209d464c73a14f38c579448abd00a5',0,0,42,1512,0,'FF',9,0,3,'Maximum:','','on',2,4),(4571,'c5fb99adc0b2995ffb88d7c5841b07de',0,0,42,1511,9,'FF',4,0,1,'Threshold:','','',2,5),(4572,'6eb3ebbd349b89a4b7ff13b05fa1f2d3',0,0,42,1511,0,'FF',9,0,1,'','','on',2,6);
/*!40000 ALTER TABLE `graph_templates_item` ENABLE KEYS */;
UNLOCK TABLES;

--
-- Table structure for table `graph_tree`
--

DROP TABLE IF EXISTS `graph_tree`;
/*!40101 SET @saved_cs_client     = @@character_set_client */;
/*!40101 SET character_set_client = utf8 */;
CREATE TABLE `graph_tree` (
  `id` smallint(5) unsigned NOT NULL auto_increment,
  `sort_type` tinyint(3) unsigned NOT NULL default '1',
  `name` varchar(255) NOT NULL default '',
  PRIMARY KEY  (`id`)
) ENGINE=MyISAM AUTO_INCREMENT=4 DEFAULT CHARSET=latin1;
/*!40101 SET character_set_client = @saved_cs_client */;

--
-- Dumping data for table `graph_tree`
--

LOCK TABLES `graph_tree` WRITE;
/*!40000 ALTER TABLE `graph_tree` DISABLE KEYS */;
INSERT INTO `graph_tree` VALUES (1,1,'Default Tree'),(3,2,'Ionix');
/*!40000 ALTER TABLE `graph_tree` ENABLE KEYS */;
UNLOCK TABLES;

--
-- Table structure for table `graph_tree_items`
--

DROP TABLE IF EXISTS `graph_tree_items`;
/*!40101 SET @saved_cs_client     = @@character_set_client */;
/*!40101 SET character_set_client = utf8 */;
CREATE TABLE `graph_tree_items` (
  `id` mediumint(8) unsigned NOT NULL auto_increment,
  `graph_tree_id` smallint(5) unsigned NOT NULL default '0',
  `local_graph_id` mediumint(8) unsigned NOT NULL default '0',
  `rra_id` smallint(8) unsigned NOT NULL default '0',
  `title` varchar(255) default NULL,
  `host_id` mediumint(8) unsigned NOT NULL default '0',
  `order_key` varchar(100) NOT NULL default '0',
  `host_grouping_type` tinyint(3) unsigned NOT NULL default '1',
  `sort_children_type` tinyint(3) unsigned NOT NULL default '1',
  PRIMARY KEY  (`id`),
  KEY `graph_tree_id` (`graph_tree_id`),
  KEY `host_id` (`host_id`),
  KEY `local_graph_id` (`local_graph_id`),
  KEY `order_key` (`order_key`)
) ENGINE=MyISAM AUTO_INCREMENT=110 DEFAULT CHARSET=latin1;
/*!40101 SET character_set_client = @saved_cs_client */;

--
-- Dumping data for table `graph_tree_items`
--

LOCK TABLES `graph_tree_items` WRITE;
/*!40000 ALTER TABLE `graph_tree_items` DISABLE KEYS */;
INSERT INTO `graph_tree_items` VALUES (109,3,0,0,'',100,'001001001015000000000000000000000000000000000000000000000000000000000000000000000000000000',0,0),(108,3,0,0,'',99,'001001001013000000000000000000000000000000000000000000000000000000000000000000000000000000',0,0),(107,3,0,0,'',98,'001001001012000000000000000000000000000000000000000000000000000000000000000000000000000000',0,0),(106,3,0,0,'',97,'001001001014000000000000000000000000000000000000000000000000000000000000000000000000000000',0,0),(104,3,0,0,'',93,'001001001005000000000000000000000000000000000000000000000000000000000000000000000000000000',0,0),(103,3,0,0,'',89,'001001001010000000000000000000000000000000000000000000000000000000000000000000000000000000',0,0),(102,3,0,0,'',90,'001001001006000000000000000000000000000000000000000000000000000000000000000000000000000000',0,0),(101,3,0,0,'',94,'001001001002000000000000000000000000000000000000000000000000000000000000000000000000000000',0,0),(100,3,0,0,'',87,'001001001004000000000000000000000000000000000000000000000000000000000000000000000000000000',0,0),(99,3,0,0,'',85,'001001001001000000000000000000000000000000000000000000000000000000000000000000000000000000',0,0),(98,3,0,0,'',91,'001001001008000000000000000000000000000000000000000000000000000000000000000000000000000000',0,0),(97,3,0,0,'',86,'001001001007000000000000000000000000000000000000000000000000000000000000000000000000000000',0,0),(96,3,0,5,'',84,'001001001003000000000000000000000000000000000000000000000000000000000000000000000000000000',2,1),(95,3,0,0,'',88,'001001001011000000000000000000000000000000000000000000000000000000000000000000000000000000',0,0),(94,3,0,1,'',92,'001001001009000000000000000000000000000000000000000000000000000000000000000000000000000000',1,1),(93,3,0,0,'Router',0,'001001001000000000000000000000000000000000000000000000000000000000000000000000000000000000',0,2),(92,3,0,0,'vt-apm-9',0,'001001000000000000000000000000000000000000000000000000000000000000000000000000000000000000',0,2),(91,3,0,0,'vt-sam',0,'001000000000000000000000000000000000000000000000000000000000000000000000000000000000000000',0,2);
/*!40000 ALTER TABLE `graph_tree_items` ENABLE KEYS */;
UNLOCK TABLES;

--
-- Table structure for table `host`
--

DROP TABLE IF EXISTS `host`;
/*!40101 SET @saved_cs_client     = @@character_set_client */;
/*!40101 SET character_set_client = utf8 */;
CREATE TABLE `host` (
  `id` mediumint(8) unsigned NOT NULL auto_increment,
  `host_template_id` mediumint(8) unsigned NOT NULL default '0',
  `description` varchar(150) NOT NULL default '',
  `hostname` varchar(250) default NULL,
  `notes` text,
  `snmp_community` varchar(100) default NULL,
  `snmp_version` tinyint(1) unsigned NOT NULL default '1',
  `snmp_username` varchar(50) default NULL,
  `snmp_password` varchar(50) default NULL,
  `snmp_auth_protocol` char(5) default '',
  `snmp_priv_passphrase` varchar(200) default '',
  `snmp_priv_protocol` char(6) default '',
  `snmp_context` varchar(64) default '',
  `snmp_port` mediumint(5) unsigned NOT NULL default '161',
  `snmp_timeout` mediumint(8) unsigned NOT NULL default '500',
  `availability_method` smallint(5) unsigned NOT NULL default '1',
  `ping_method` smallint(5) unsigned default '0',
  `ping_port` int(12) unsigned default '0',
  `ping_timeout` int(12) unsigned default '500',
  `ping_retries` int(12) unsigned default '2',
  `max_oids` int(12) unsigned default '10',
  `device_threads` tinyint(2) unsigned NOT NULL default '1',
  `disabled` char(2) default NULL,
  `status` tinyint(2) NOT NULL default '0',
  `status_event_count` mediumint(8) unsigned NOT NULL default '0',
  `status_fail_date` datetime NOT NULL default '0000-00-00 00:00:00',
  `status_rec_date` datetime NOT NULL default '0000-00-00 00:00:00',
  `status_last_error` varchar(255) default '',
  `min_time` decimal(10,5) default '9.99999',
  `max_time` decimal(10,5) default '0.00000',
  `cur_time` decimal(10,5) default '0.00000',
  `avg_time` decimal(10,5) default '0.00000',
  `total_polls` int(12) unsigned default '0',
  `failed_polls` int(12) unsigned default '0',
  `availability` decimal(8,5) NOT NULL default '100.00000',
  PRIMARY KEY  (`id`),
  KEY `disabled` (`disabled`)
) ENGINE=MyISAM AUTO_INCREMENT=102 DEFAULT CHARSET=latin1;
/*!40101 SET character_set_client = @saved_cs_client */;

--
-- Dumping data for table `host`
--

LOCK TABLES `host` WRITE;
/*!40000 ALTER TABLE `host` DISABLE KEYS */;
INSERT INTO `host` VALUES (101,10,'rm.spe1.vt.ru','localhost:426::vt-sam::vt-apm-9::Router::rm.spe1.vt.ru','','public',0,'','','','','','',161,500,0,2,23,400,1,10,1,'',3,0,'0000-00-00 00:00:00','0000-00-00 00:00:00','','0.00000','0.00000','0.00000','0.00000',24,0,'100.00000'),(97,10,'ul.dr2.vt.ru','localhost:426::vt-sam::vt-apm-9::Router::ul.dr2.vt.ru','','public',0,'','','','','','',161,500,0,2,23,400,1,10,1,'',3,0,'0000-00-00 00:00:00','0000-00-00 00:00:00','','0.00000','0.00000','0.00000','0.00000',25,0,'100.00000'),(98,10,'penza.bpe1.vt.ru','localhost:426::vt-sam::vt-apm-9::Router::penza.bpe1.vt.ru','','public',0,'','','','','','',161,500,0,2,23,400,1,10,1,'',3,0,'0000-00-00 00:00:00','0000-00-00 00:00:00','','0.00000','0.00000','0.00000','0.00000',25,0,'100.00000'),(99,10,'ul.dr1.vt.ru','localhost:426::vt-sam::vt-apm-9::Router::ul.dr1.vt.ru','','public',0,'','','','','','',161,500,0,2,23,400,1,10,1,'',3,0,'0000-00-00 00:00:00','0000-00-00 00:00:00','','0.00000','0.00000','0.00000','0.00000',25,0,'100.00000'),(100,10,'ul.spe1.vt.ru','localhost:426::vt-sam::vt-apm-9::Router::ul.spe1.vt.ru','','public',0,'','','','','','',161,500,0,2,23,400,1,10,1,'',3,0,'0000-00-00 00:00:00','0000-00-00 00:00:00','','0.00000','0.00000','0.00000','0.00000',24,0,'100.00000');
/*!40000 ALTER TABLE `host` ENABLE KEYS */;
UNLOCK TABLES;

--
-- Table structure for table `host_graph`
--

DROP TABLE IF EXISTS `host_graph`;
/*!40101 SET @saved_cs_client     = @@character_set_client */;
/*!40101 SET character_set_client = utf8 */;
CREATE TABLE `host_graph` (
  `host_id` mediumint(8) unsigned NOT NULL default '0',
  `graph_template_id` mediumint(8) unsigned NOT NULL default '0',
  PRIMARY KEY  (`host_id`,`graph_template_id`)
) ENGINE=MyISAM DEFAULT CHARSET=latin1;
/*!40101 SET character_set_client = @saved_cs_client */;

--
-- Dumping data for table `host_graph`
--

LOCK TABLES `host_graph` WRITE;
/*!40000 ALTER TABLE `host_graph` DISABLE KEYS */;
INSERT INTO `host_graph` VALUES (84,37),(84,38),(85,37),(85,38),(86,37),(86,38),(87,37),(87,38),(88,37),(88,38),(89,37),(89,38),(90,37),(90,38),(91,37),(91,38),(92,37),(92,38),(93,37),(93,38),(94,37),(94,38),(97,40),(97,41),(97,42),(98,40),(98,41),(98,42),(99,40),(99,41),(99,42),(100,40),(100,41),(100,42);
/*!40000 ALTER TABLE `host_graph` ENABLE KEYS */;
UNLOCK TABLES;

--
-- Table structure for table `host_snmp_cache`
--

DROP TABLE IF EXISTS `host_snmp_cache`;
/*!40101 SET @saved_cs_client     = @@character_set_client */;
/*!40101 SET character_set_client = utf8 */;
CREATE TABLE `host_snmp_cache` (
  `host_id` mediumint(8) unsigned NOT NULL default '0',
  `snmp_query_id` mediumint(8) unsigned NOT NULL default '0',
  `field_name` varchar(50) NOT NULL default '',
  `field_value` varchar(255) default NULL,
  `snmp_index` varchar(255) NOT NULL default '',
  `oid` text NOT NULL,
  `present` tinyint(4) NOT NULL default '1',
  PRIMARY KEY  (`host_id`,`snmp_query_id`,`field_name`,`snmp_index`),
  KEY `host_id` (`host_id`,`field_name`),
  KEY `snmp_index` (`snmp_index`),
  KEY `field_name` (`field_name`),
  KEY `field_value` (`field_value`),
  KEY `snmp_query_id` (`snmp_query_id`),
  KEY `present` (`present`)
) ENGINE=MyISAM DEFAULT CHARSET=latin1;
/*!40101 SET character_set_client = @saved_cs_client */;

--
-- Dumping data for table `host_snmp_cache`
--

LOCK TABLES `host_snmp_cache` WRITE;
/*!40000 ALTER TABLE `host_snmp_cache` DISABLE KEYS */;
INSERT INTO `host_snmp_cache` VALUES (99,17,'DeviceID','ge-2/1/5','ge-2/1/5','',1),(99,17,'DeviceID','ae9.550','ae9.550','',1),(99,17,'DeviceID','ge-2/1/5.0','ge-2/1/5.0','',1),(99,17,'DeviceID','lo0','lo0','',1),(99,17,'DeviceID','ae6','ae6','',1),(99,17,'DeviceID','xe-0/0/1','xe-0/0/1','',1),(99,17,'DeviceID','xe-0/0/0','xe-0/0/0','',1),(99,17,'DeviceID','ae25','ae25','',1),(99,17,'DeviceID','ae15','ae15','',1),(99,17,'DeviceID','ge-2/0/2','ge-2/0/2','',1),(99,17,'DeviceID','ae0.0','ae0.0','',1),(98,15,'DeviceID','2','2','',1),(98,15,'DeviceID','1','1','',1),(98,15,'Description','NPE Outlet','2','',1),(98,15,'Description','NPE Inlet','1','',1),(98,16,'DeviceID','1','1','',1),(98,16,'Description','Cisco 7200 Series Network Processing Engine NPE-G1','1','',1),(98,17,'DeviceID','Fa1/0.24','Fa1/0.24','',1),(98,17,'DeviceID','Fa1/0.510','Fa1/0.510','',1),(98,17,'DeviceID','Fa1/0.505','Fa1/0.505','',1),(98,17,'DeviceID','Gi0/2','Gi0/2','',1),(98,17,'DeviceID','Lo0','Lo0','',1),(98,17,'DeviceID','Lo10','Lo10','',1),(98,17,'DeviceID','Fa1/0.211','Fa1/0.211','',1),(98,17,'DeviceID','Fa1/0.210','Fa1/0.210','',1),(98,17,'DeviceID','Fa1/0','Fa1/0','',1),(98,17,'DeviceID','Fa1/0.100','Fa1/0.100','',1),(98,17,'DeviceID','Gi0/3','Gi0/3','',1),(98,17,'InterfaceAlias','*** -I- | p-t-p AVKS VPN | | 02-04-2009 | Objorin','Fa1/0.24','',1),(98,17,'InterfaceAlias','*** -I- | IUM interconnect | | 13-12-2009 | annenkov','Fa1/0.510','',1),(98,17,'InterfaceAlias','*** -I- | AS5350 NAS management | | 29-01-2010 | annenkov','Fa1/0.505','',1),(98,17,'InterfaceAlias','#-M- | penza.spe1 |#:$79.126.127.114_ae20.0$','Gi0/2','',1),(98,17,'InterfaceAlias','*** -I- | PE loopback | | 27-10-2008 | annenkov','Lo0','',1),(98,17,'InterfaceAlias','*** -I- | test vrf interface | | 28-10-2008 | annenkov','Lo10','',1),(98,17,'InterfaceAlias','*** -E- | l2vpn penza.bpe1 - ul.bpe1 bras2 | | 25-02-2009 | anne','Fa1/0.211','',1),(98,17,'InterfaceAlias','*** -E- | l2vpn penza.bpe1 - ul.bpe1 bras1 | | 25-02-2009 | anne','Fa1/0.210','',1),(98,17,'InterfaceAlias','#-M- | penza.cat1 |#:$10.252.58.70_Fa0/2$','Fa1/0','',1),(98,17,'InterfaceAlias','*** -I- | MMSPD management | | 28-12-2009 | annenkov','Fa1/0.100','',1),(98,17,'InterfaceAlias','#-M- | penza.spe2 |#:$79.126.127.115_ae20.0$','Gi0/3','',1),(99,15,'DeviceID','7.2.0.0','7.2.0.0','',1),(99,15,'DeviceID','7.1.0.0','7.1.0.0','',1),(99,15,'DeviceID','9.1.0.0','9.1.0.0','',1),(99,15,'DeviceID','12.1.0.0','12.1.0.0','',1),(99,15,'DeviceID','7.3.0.0','7.3.0.0','',1),(99,15,'Description','FPC: DPCE 2x 10GE R @ 1/*/*','7.2.0.0','',1),(99,15,'Description','FPC: MPC 3D 16x 10GE @ 0/*/*','7.1.0.0','',1),(99,15,'Description','Routing Engine 0','9.1.0.0','',1),(99,15,'Description','CB 0','12.1.0.0','',1),(99,15,'Description','FPC: DPCE 20x 1GE + 2x 10GE R @ 2/*/*','7.3.0.0','',1),(99,16,'DeviceID','9.1.0.0','9.1.0.0','',1),(99,16,'DeviceID','7.1.0.0','7.1.0.0','',1),(99,16,'DeviceID','7.3.0.0','7.3.0.0','',1),(99,16,'DeviceID','7.2.0.0','7.2.0.0','',1),(99,16,'Description','Routing Engine 0','9.1.0.0','',1),(99,16,'Description','FPC: MPC 3D 16x 10GE @ 0/*/*','7.1.0.0','',1),(99,16,'Description','FPC: DPCE 20x 1GE + 2x 10GE R @ 2/*/*','7.3.0.0','',1),(99,16,'Description','FPC: DPCE 2x 10GE R @ 1/*/*','7.2.0.0','',1),(99,17,'DeviceID','xe-2/2/0.0','xe-2/2/0.0','',1),(99,17,'DeviceID','xe-2/3/0.0','xe-2/3/0.0','',1),(99,17,'DeviceID','xe-0/3/2.0','xe-0/3/2.0','',1),(99,17,'DeviceID','xe-0/3/3','xe-0/3/3','',1),(99,17,'DeviceID','ae5','ae5','',1),(99,17,'DeviceID','xe-1/1/0','xe-1/1/0','',1),(99,17,'DeviceID','ae1.0','ae1.0','',1),(99,17,'DeviceID','ae1','ae1','',1),(99,17,'DeviceID','ge-2/1/2','ge-2/1/2','',1),(99,17,'DeviceID','lo0.0','lo0.0','',1),(100,17,'InterfaceAlias','se: Ionix','ae1','',1),(100,17,'InterfaceAlias','se: iptv servers management','ae10.101','',1),(100,17,'InterfaceAlias','se: KSPD Renumbering Project Link 1','ae16.3104','',1),(100,17,'InterfaceAlias','se: mmspd management','ae10.100','',1),(100,17,'InterfaceAlias','se: loopback','lo0.0','',1),(100,17,'InterfaceAlias','se: Ionix','ge-2/2/2.43','',1),(100,17,'InterfaceAlias','se: Ionix','ge-2/2/0.989','',1),(100,17,'InterfaceAlias','se: Ionix','ge-2/2/2.101','',1),(100,17,'InterfaceAlias','se: Ionix','ge-2/2/0.100','',1),(100,17,'InterfaceAlias','se: Ionix','ge-2/0/1.0','',1),(100,17,'InterfaceAlias','se: tech-spider Spider Filial','ae16.110','',1),(100,17,'InterfaceAlias','se: IPTV Backlan','ae10.98','',1),(100,17,'InterfaceAlias','#se: ul.spe1-ul.bpe1#:$79.126.127.101_Gi0/2$','ae20.0','',1),(100,17,'InterfaceAlias','se: Ionix','ae0','',1),(100,17,'InterfaceAlias','se: p-t-p EKZ Link 1','ae10.43','',1),(100,17,'InterfaceAlias','linkagg->ae16: ul.spe1-ul.bpe1 filial','ge-2/2/0','',1),(100,17,'InterfaceAlias','se: Ionix','ge-2/2/2.103','',1),(100,17,'InterfaceAlias','linkagg->ae0: ul.spe1-ul.dr1','ge-2/0/0','',1),(100,17,'InterfaceAlias','linkagg->ae1: ul.spe1-ul.dr2','ge-2/0/1','',1),(100,17,'InterfaceAlias','se: tdm2ip management','ae10.103','',1),(100,17,'InterfaceAlias','se: Ionix','ge-2/1/1.0','',1),(100,17,'InterfaceAlias','border: bpe1 filial vpns','ae16','',1),(100,17,'InterfaceAlias','se: Ionix','ge-2/2/2.100','',1),(100,17,'InterfaceAlias','#core: ul.spe1-ul.dr2#:$79.126.127.43_ae15.0$','ae1.0','',1),(100,17,'InterfaceAlias','se: Ionix','ge-2/2/0.110','',1),(100,17,'InterfaceAlias','se: Ionix','ge-2/0/0.0','',1),(100,17,'InterfaceAlias','se: Ionix','ge-2/2/2.955','',1),(100,17,'InterfaceAlias','linkagg->ae10: ul.spe1-ul.dsw1','ge-2/2/2','',1),(100,17,'InterfaceAlias','se: Ionix','ge-2/2/0.552','',1),(100,17,'InterfaceAlias','se: corp contact center ptp link1','ae10.955','',1),(100,17,'InterfaceAlias','se: Ionix','ge-2/2/0.3104','',1),(100,17,'InterfaceAlias','se: Ionix','ae20','',1),(100,17,'InterfaceAlias','se: Ionix','ge-2/2/2.98','',1),(100,17,'InterfaceAlias','linkagg->ae20: ul.spe1-ul.bpe1','ge-2/1/1','',1),(100,17,'InterfaceAlias','se: Ionix','lo0','',1),(100,17,'InterfaceAlias','se: ZAO NCC nnov-ul L2','ae16.989','',1),(100,17,'InterfaceAlias','#se: ul.spe1-ul.dsw1#:$10.252.73.2_ae0$','ae10','',1),(100,17,'InterfaceAlias','se: p-t-p CAS-STB vpn','ae16.552','',1),(100,17,'InterfaceAlias','#core: ul.spe1-ul.dr1#:$79.126.127.42_ae15.0$','ae0.0','',1),(100,17,'DeviceID','ae1','ae1','',1),(100,17,'InterfaceAlias','se: tech-management filial networks','ae16.100','',1),(100,17,'DeviceID','ae10.101','ae10.101','',1),(100,17,'DeviceID','ae10.100','ae10.100','',1),(100,17,'DeviceID','ae16.3104','ae16.3104','',1),(100,17,'DeviceID','lo0.0','lo0.0','',1),(100,17,'DeviceID','ge-2/2/2.43','ge-2/2/2.43','',1),(100,17,'DeviceID','ge-2/2/2.101','ge-2/2/2.101','',1),(100,17,'DeviceID','ge-2/2/0.989','ge-2/2/0.989','',1),(100,17,'DeviceID','ge-2/0/1.0','ge-2/0/1.0','',1),(100,17,'DeviceID','ge-2/2/0.100','ge-2/2/0.100','',1),(100,17,'DeviceID','ae16.110','ae16.110','',1),(100,17,'DeviceID','ae10.98','ae10.98','',1),(100,17,'DeviceID','ae20.0','ae20.0','',1),(100,17,'DeviceID','ae10.43','ae10.43','',1),(100,17,'DeviceID','ae0','ae0','',1),(100,17,'DeviceID','ge-2/2/0','ge-2/2/0','',1),(100,17,'DeviceID','ge-2/0/0','ge-2/0/0','',1),(100,17,'DeviceID','ge-2/2/2.103','ge-2/2/2.103','',1),(100,17,'DeviceID','ge-2/0/1','ge-2/0/1','',1),(100,17,'DeviceID','ae10.103','ae10.103','',1),(100,17,'DeviceID','ge-2/1/1.0','ge-2/1/1.0','',1),(100,17,'DeviceID','ae16','ae16','',1),(100,17,'DeviceID','ge-2/2/2.100','ge-2/2/2.100','',1),(100,17,'DeviceID','ae1.0','ae1.0','',1),(100,17,'DeviceID','ge-2/2/0.110','ge-2/2/0.110','',1),(100,17,'DeviceID','ge-2/0/0.0','ge-2/0/0.0','',1),(100,17,'DeviceID','ge-2/2/2.955','ge-2/2/2.955','',1),(100,17,'DeviceID','ge-2/2/2','ge-2/2/2','',1),(100,17,'DeviceID','ge-2/2/0.552','ge-2/2/0.552','',1),(100,17,'DeviceID','ae10.955','ae10.955','',1),(100,17,'DeviceID','ge-2/2/0.3104','ge-2/2/0.3104','',1),(100,17,'DeviceID','ae20','ae20','',1),(100,17,'DeviceID','ge-2/2/2.98','ge-2/2/2.98','',1),(100,17,'DeviceID','ge-2/1/1','ge-2/1/1','',1),(100,17,'DeviceID','lo0','lo0','',1),(100,17,'DeviceID','ae16.989','ae16.989','',1),(100,17,'DeviceID','ae10','ae10','',1),(100,17,'DeviceID','ae16.552','ae16.552','',1),(100,17,'DeviceID','ae0.0','ae0.0','',1),(100,17,'DeviceID','ae16.100','ae16.100','',1),(100,16,'Description','JUNIPERCHASSIS-FPC: M120 FPC Type 2 @ 2/*/*','7.3.0.0','',1),(100,16,'Description','JUNIPERCHASSIS-CB 0','12.1.0.0','',1),(100,16,'Description','JUNIPERCHASSIS-Routing Engine 0','9.1.0.0','',1),(100,16,'DeviceID','7.3.0.0','7.3.0.0','',1),(100,16,'DeviceID','12.1.0.0','12.1.0.0','',1),(100,16,'DeviceID','9.1.0.0','9.1.0.0','',1),(100,15,'Description','JUNIPERCHASSIS-CB 0','12.1.0.0','',1),(100,15,'Description','JUNIPERCHASSIS-Routing Engine 0','9.1.0.0','',1),(100,15,'Description','JUNIPERCHASSIS-FEB 2','17.3.0.0','',1),(100,15,'Description','JUNIPERCHASSIS-FPC: M120 FPC Type 2 @ 2/*/*','7.3.0.0','',1),(100,15,'DeviceID','12.1.0.0','12.1.0.0','',1),(100,15,'DeviceID','9.1.0.0','9.1.0.0','',1),(100,15,'DeviceID','17.3.0.0','17.3.0.0','',1),(100,15,'DeviceID','7.3.0.0','7.3.0.0','',1),(99,17,'InterfaceAlias','linkagg->ae1: ul.dr1-samara.core1','xe-2/3/0','',1),(99,17,'InterfaceAlias','se: Ionix','xe-0/3/3.0','',1),(99,17,'InterfaceAlias','linkagg->ae5: ul.dr1-ul.bras1','xe-1/0/0','',1),(99,17,'InterfaceAlias','linkagg->ae0: ul.dr1-nnov.core1','xe-2/2/0','',1),(99,17,'InterfaceAlias','linkagg->ae17: ul.dr1-BPE1 Filial','ge-2/0/4','',1),(99,17,'InterfaceAlias','linkagg->ae2: ul.dr1-ul.dr2','xe-0/3/2','',1),(99,17,'InterfaceAlias','resv: linkagg->ae5: ul.dr1-ul.bras1','xe-0/0/2','',1),(99,17,'InterfaceAlias',' se: IPTV to branch','ae9','',1),(99,17,'InterfaceAlias','se: Ionix','ge-2/0/4.1555','',1),(99,17,'InterfaceAlias','se: Ionix','ae16','',1),(99,17,'InterfaceAlias','se: Ionix','ge-2/1/4.1555','',1),(99,17,'InterfaceAlias','linkagg->ae17: ul.dr1-BPE1 Filial','ge-2/1/4','',1),(99,17,'InterfaceAlias','resv: linkagg->ae6: ul.dr1-ul.bras2','xe-0/1/0','',1),(99,17,'InterfaceAlias','linkagg->ae6: ul.dr1-ul.bras2','xe-0/0/3','',1),(99,17,'InterfaceAlias','se: ul.dr1-BPE1 Filial for VPNs','ae17','',1),(99,17,'InterfaceAlias','se: Ionix','ge-2/0/2.550','',1),(99,17,'InterfaceAlias','se: Ionix','ae0','',1),(99,17,'InterfaceAlias','se: UIK/TIK VPN Link 1','ae17.1555','',1),(99,17,'InterfaceAlias','#se: ul.dr1-ul.spe2#:$79.126.127.117_ae0.0$','ae16.0','',1),(99,17,'DeviceID','ge-2/0/5.0','ge-2/0/5.0','',1),(99,17,'DeviceID','ge-2/1/2.550','ge-2/1/2.550','',1),(99,17,'DeviceID','ge-2/0/5','ge-2/0/5','',1),(97,17,'InterfaceAlias','linkagg->ae0: ul.dr2-nnov.core2','xe-2/2/0','',1),(97,17,'InterfaceAlias','se: Ionix','ae0','',1),(97,17,'InterfaceAlias','linkagg->ae16: ul.dr2-ul.spe2','ge-2/1/5','',1),(97,17,'InterfaceAlias',' se: IPTV to branch','ae9','',1),(97,17,'InterfaceAlias','se: Ionix','xe-0/3/3.0','',1),(97,17,'InterfaceAlias','linkagg->ae6: ul.dr2-ul.bras2','xe-0/0/3','',1),(97,17,'InterfaceAlias','resv: linkagg->ae5: ul.dr2-ul.bras1','xe-0/0/2','',1),(97,17,'InterfaceAlias','se: UIK/TIK VPN Link 2','ae17.1555','',1),(97,17,'InterfaceAlias','se: Ionix','lo0','',1),(97,17,'InterfaceAlias','linkagg->ae17: ul.dr2-BPE2 Filial','ge-2/0/4','',1),(97,17,'InterfaceAlias','border: asbr2 branch operators','ae25','',1),(97,17,'InterfaceAlias','se: Ionix','ge-2/0/5.0','',1),(97,17,'InterfaceAlias','linkagg->ae15: ul.dr2-ul.spe1','ge-2/0/5','',1),(97,17,'InterfaceAlias','#core: ul.dr2-samara.core2#:$79.126.127.23_ae24.0$','ae1.0','',1),(97,17,'InterfaceAlias','linkagg->ae9: IPTV to branch','ge-2/1/2','',1),(97,17,'InterfaceAlias','se: ul.dr2-BPE2 Filial for VPNs','ae17','',1),(97,17,'InterfaceAlias','linkagg->ae2: ul.dr2-ul.dr1','xe-0/3/3','',1),(97,17,'InterfaceAlias','#se: ul.dr2-ul.spe2#:$79.126.127.117_ae1.0$','ae16.0','',1),(99,17,'InterfaceAlias','#se: ul.dr1-ul.spe1#:$79.126.127.116_ae0.0$','ae15.0','',1),(99,17,'InterfaceAlias','#core: ul.dr1-ul.dr2#:$79.126.127.43_ae2.0$','ae2.0','',1),(99,17,'InterfaceAlias','linkagg->ae16: ul.dr1-ul.spe2','ge-2/1/5','',1),(99,17,'InterfaceAlias','se: iptv multicast vpls','ae9.550','',1),(99,17,'InterfaceAlias','se: Ionix','lo0','',1),(99,17,'InterfaceAlias','se: Ionix','ge-2/1/5.0','',1),(99,17,'InterfaceAlias','#se: ul.dr1-ul.bras2#:$79.126.127.75_Eth-Trunk1$','ae6','',1),(99,17,'InterfaceAlias','linkagg->ae5: ul.dr1-ul.bras1','xe-0/0/1','',1),(99,17,'InterfaceAlias','linkagg->ae25: ul.dr1-filial.bpe1 Te6/1','xe-0/0/0','',1),(99,17,'InterfaceAlias','border: asbr1 branch operators','ae25','',1),(99,17,'InterfaceAlias','se: Ionix','ae15','',1),(99,17,'InterfaceAlias','linkagg->ae9: IPTV to branch','ge-2/0/2','',1),(99,17,'InterfaceAlias','#core: ul.dr1-nnov.core1#:$79.126.127.20_ae24.0$','ae0.0','',1),(99,17,'InterfaceAlias','se: Ionix','ge-2/0/5.0','',1),(99,17,'InterfaceAlias','se: Ionix','ge-2/1/2.550','',1),(99,17,'InterfaceAlias','linkagg->ae15: ul.dr1-ul.spe1','ge-2/0/5','',1),(99,17,'InterfaceAlias','se: loopback','lo0.0','',1),(99,17,'InterfaceAlias','linkagg->ae9: IPTV to branch','ge-2/1/2','',1),(99,17,'InterfaceAlias','se: Ionix','ae1','',1),(99,17,'InterfaceAlias','#core: ul.dr1-samara.core1#:$79.126.127.22_ae24.0$','ae1.0','',1),(99,17,'InterfaceAlias','linkagg->ae6: ul.dr1-ul.bras2','xe-1/1/0','',1),(99,17,'InterfaceAlias','#se: ul.dr1-ul.bras1#:$79.126.127.74_Eth-Trunk1$','ae5','',1),(99,17,'InterfaceAlias','linkagg->ae2: ul.dr1-ul.dr2','xe-0/3/3','',1),(99,17,'InterfaceAlias','se: Ionix','xe-0/3/2.0','',1),(99,17,'InterfaceAlias','se: Ionix','xe-2/3/0.0','',1),(99,17,'InterfaceAlias','se: Ionix','xe-2/2/0.0','',1),(99,17,'DeviceID','xe-2/3/0','xe-2/3/0','',1),(99,17,'DeviceID','xe-0/3/3.0','xe-0/3/3.0','',1),(99,17,'DeviceID','xe-1/0/0','xe-1/0/0','',1),(99,17,'DeviceID','xe-2/2/0','xe-2/2/0','',1),(99,17,'DeviceID','ge-2/0/4','ge-2/0/4','',1),(99,17,'DeviceID','xe-0/3/2','xe-0/3/2','',1),(99,17,'DeviceID','ae9','ae9','',1),(99,17,'DeviceID','xe-0/0/2','xe-0/0/2','',1),(99,17,'DeviceID','ge-2/0/4.1555','ge-2/0/4.1555','',1),(99,17,'DeviceID','ae16','ae16','',1),(99,17,'DeviceID','ge-2/1/4.1555','ge-2/1/4.1555','',1),(99,17,'DeviceID','ge-2/1/4','ge-2/1/4','',1),(99,17,'DeviceID','xe-0/1/0','xe-0/1/0','',1),(99,17,'DeviceID','xe-0/0/3','xe-0/0/3','',1),(99,17,'DeviceID','ae17','ae17','',1),(99,17,'DeviceID','ge-2/0/2.550','ge-2/0/2.550','',1),(99,17,'DeviceID','ae0','ae0','',1),(99,17,'DeviceID','ae17.1555','ae17.1555','',1),(99,17,'DeviceID','ae16.0','ae16.0','',1),(99,17,'DeviceID','ae15.0','ae15.0','',1),(99,17,'DeviceID','ae2.0','ae2.0','',1),(97,17,'InterfaceAlias','linkagg->ae2: ul.dr2-ul.dr1','xe-0/3/2','',1),(97,17,'InterfaceAlias','se: Ionix','ge-2/1/4.1555','',1),(97,17,'InterfaceAlias','linkagg->ae25: ul.dr2-ul.bpe2','xe-1/0/0','',1),(97,17,'InterfaceAlias','se: Ionix','ge-2/0/4.1555','',1),(97,17,'InterfaceAlias','se: Ionix','ae1','',1),(97,17,'InterfaceAlias','linkagg->ae1: ul.dr2-samara.core2','xe-2/3/0','',1),(97,17,'InterfaceAlias','linkagg->ae9: IPTV to branch','ge-2/0/2','',1),(97,17,'InterfaceAlias','border: Rostelecom operators','ae26','',1),(97,17,'InterfaceAlias','se: Ionix','ae16','',1),(97,17,'InterfaceAlias','se: Ionix','xe-0/3/2.0','',1),(97,17,'InterfaceAlias','linkagg->ae25: ul.dr2-ex4200 RT','xe-1/1/0','',1),(97,17,'InterfaceAlias','#core: ul.dr2-nnov.core2#:$79.126.127.21_ae24.0$','ae0.0','',1),(97,17,'InterfaceAlias','resv: linkagg->ae6: ul.dr2-ul.bras2','xe-0/1/0','',1),(97,17,'InterfaceAlias','se: loopback','lo0.0','',1),(97,17,'InterfaceAlias','#se: ul.dr2-ul.bras2#:$79.126.127.75_Eth-Trunk2$','ae6','',1),(97,17,'InterfaceAlias','#se: ul.dr2-ul.bras1#:$79.126.127.74_Eth-Trunk2$','ae5','',1),(97,17,'InterfaceAlias','se: Ionix','xe-2/3/0.0','',1),(97,17,'InterfaceAlias','se: Ionix','ae15','',1),(97,17,'InterfaceAlias','#se: ul.dr2-ul.spe1#:$79.126.127.116_ae1.0$','ae15.0','',1),(97,17,'InterfaceAlias','linkagg->ae5: ul.dr2-ul.bras1','xe-0/0/1','',1),(97,17,'InterfaceAlias','se: Ionix','ge-2/1/5.0','',1),(97,17,'InterfaceAlias','linkagg->ae17: ul.dr2-BPE2 Filial','ge-2/1/4','',1),(97,17,'InterfaceAlias','se: Ionix','xe-2/2/0.0','',1),(97,17,'InterfaceAlias','#core: ul.dr2-ul.dr1#:$79.126.127.42_ae2.0$','ae2.0','',1),(97,17,'DeviceID','ae0','ae0','',1),(97,17,'DeviceID','xe-2/2/0','xe-2/2/0','',1),(97,17,'DeviceID','ge-2/1/5','ge-2/1/5','',1),(97,17,'DeviceID','xe-0/0/3','xe-0/0/3','',1),(97,17,'DeviceID','ae9','ae9','',1),(97,17,'DeviceID','xe-0/3/3.0','xe-0/3/3.0','',1),(97,17,'DeviceID','xe-0/0/2','xe-0/0/2','',1),(97,17,'DeviceID','lo0','lo0','',1),(97,17,'DeviceID','ae17.1555','ae17.1555','',1),(97,17,'DeviceID','ge-2/0/4','ge-2/0/4','',1),(97,17,'DeviceID','ae25','ae25','',1),(97,17,'DeviceID','ge-2/0/5','ge-2/0/5','',1),(97,17,'DeviceID','ge-2/0/5.0','ge-2/0/5.0','',1),(97,17,'DeviceID','ae1.0','ae1.0','',1),(97,17,'DeviceID','ge-2/1/2','ge-2/1/2','',1),(97,17,'DeviceID','ae17','ae17','',1),(97,17,'DeviceID','ae16.0','ae16.0','',1),(97,17,'DeviceID','xe-0/3/3','xe-0/3/3','',1),(97,17,'DeviceID','xe-2/3/0.0','xe-2/3/0.0','',1),(97,17,'DeviceID','ae5','ae5','',1),(97,17,'DeviceID','ae6','ae6','',1),(97,17,'DeviceID','lo0.0','lo0.0','',1),(97,17,'DeviceID','xe-0/3/2.0','xe-0/3/2.0','',1),(97,17,'DeviceID','xe-1/1/0','xe-1/1/0','',1),(97,17,'DeviceID','xe-0/1/0','xe-0/1/0','',1),(97,17,'DeviceID','ae0.0','ae0.0','',1),(97,17,'DeviceID','ae26','ae26','',1),(97,17,'DeviceID','ae16','ae16','',1),(97,17,'DeviceID','ge-2/0/2','ge-2/0/2','',1),(97,17,'DeviceID','xe-2/3/0','xe-2/3/0','',1),(97,17,'DeviceID','ge-2/0/4.1555','ge-2/0/4.1555','',1),(97,17,'DeviceID','ae1','ae1','',1),(97,17,'DeviceID','xe-0/3/2','xe-0/3/2','',1),(97,17,'DeviceID','ge-2/1/4.1555','ge-2/1/4.1555','',1),(97,17,'DeviceID','xe-1/0/0','xe-1/0/0','',1),(97,17,'DeviceID','ae15','ae15','',1),(97,17,'DeviceID','ae15.0','ae15.0','',1),(97,17,'DeviceID','xe-0/0/1','xe-0/0/1','',1),(97,17,'DeviceID','xe-2/2/0.0','xe-2/2/0.0','',1),(97,17,'DeviceID','ge-2/1/4','ge-2/1/4','',1),(97,17,'DeviceID','ge-2/1/5.0','ge-2/1/5.0','',1),(97,17,'DeviceID','ae2.0','ae2.0','',1),(97,16,'Description','Routing Engine 0','9.1.0.0','',1),(97,16,'Description','FPC: DPCE 20x 1GE + 2x 10GE R @ 2/*/*','7.3.0.0','',1),(97,16,'Description','FPC: DPCE 2x 10GE R @ 1/*/*','7.2.0.0','',1),(97,16,'Description','FPC: MPC 3D 16x 10GE @ 0/*/*','7.1.0.0','',1),(97,16,'DeviceID','9.1.0.0','9.1.0.0','',1),(97,16,'DeviceID','7.3.0.0','7.3.0.0','',1),(97,16,'DeviceID','7.1.0.0','7.1.0.0','',1),(97,16,'DeviceID','7.2.0.0','7.2.0.0','',1),(97,15,'Description','FPC: DPCE 2x 10GE R @ 1/*/*','7.2.0.0','',1),(97,15,'Description','CB 0','12.1.0.0','',1),(97,15,'Description','FPC: MPC 3D 16x 10GE @ 0/*/*','7.1.0.0','',1),(97,15,'Description','Routing Engine 0','9.1.0.0','',1),(97,15,'Description','FPC: DPCE 20x 1GE + 2x 10GE R @ 2/*/*','7.3.0.0','',1),(97,15,'DeviceID','7.2.0.0','7.2.0.0','',1),(97,15,'DeviceID','12.1.0.0','12.1.0.0','',1),(97,15,'DeviceID','7.1.0.0','7.1.0.0','',1),(97,15,'DeviceID','7.3.0.0','7.3.0.0','',1),(97,15,'DeviceID','9.1.0.0','9.1.0.0','',1);
/*!40000 ALTER TABLE `host_snmp_cache` ENABLE KEYS */;
UNLOCK TABLES;

--
-- Table structure for table `host_snmp_query`
--

DROP TABLE IF EXISTS `host_snmp_query`;
/*!40101 SET @saved_cs_client     = @@character_set_client */;
/*!40101 SET character_set_client = utf8 */;
CREATE TABLE `host_snmp_query` (
  `host_id` mediumint(8) unsigned NOT NULL default '0',
  `snmp_query_id` mediumint(8) unsigned NOT NULL default '0',
  `sort_field` varchar(50) NOT NULL default '',
  `title_format` varchar(50) NOT NULL default '',
  `reindex_method` tinyint(3) unsigned NOT NULL default '0',
  PRIMARY KEY  (`host_id`,`snmp_query_id`),
  KEY `host_id` (`host_id`)
) ENGINE=MyISAM DEFAULT CHARSET=latin1;
/*!40101 SET character_set_client = @saved_cs_client */;

--
-- Dumping data for table `host_snmp_query`
--

LOCK TABLES `host_snmp_query` WRITE;
/*!40000 ALTER TABLE `host_snmp_query` DISABLE KEYS */;
INSERT INTO `host_snmp_query` VALUES (100,16,'DeviceID','|query_DeviceID|',1),(100,15,'DeviceID','|query_DeviceID|',1),(100,17,'DeviceID','|query_DeviceID|',1),(101,15,'','',1),(99,17,'DeviceID','|query_DeviceID|',1),(99,16,'DeviceID','|query_DeviceID|',1),(99,15,'DeviceID','|query_DeviceID|',1),(98,17,'DeviceID','|query_DeviceID|',1),(98,16,'DeviceID','|query_DeviceID|',1),(98,15,'DeviceID','|query_DeviceID|',1),(97,17,'DeviceID','|query_DeviceID|',1),(97,16,'DeviceID','|query_DeviceID|',1),(97,15,'DeviceID','|query_DeviceID|',1);
/*!40000 ALTER TABLE `host_snmp_query` ENABLE KEYS */;
UNLOCK TABLES;

--
-- Table structure for table `host_template`
--

DROP TABLE IF EXISTS `host_template`;
/*!40101 SET @saved_cs_client     = @@character_set_client */;
/*!40101 SET character_set_client = utf8 */;
CREATE TABLE `host_template` (
  `id` mediumint(8) unsigned NOT NULL auto_increment,
  `hash` varchar(32) NOT NULL default '',
  `name` varchar(100) NOT NULL default '',
  PRIMARY KEY  (`id`)
) ENGINE=MyISAM AUTO_INCREMENT=11 DEFAULT CHARSET=latin1;
/*!40101 SET character_set_client = @saved_cs_client */;

--
-- Dumping data for table `host_template`
--

LOCK TABLES `host_template` WRITE;
/*!40000 ALTER TABLE `host_template` DISABLE KEYS */;
INSERT INTO `host_template` VALUES (1,'4855b0e3e553085ed57219690285f91f','Generic SNMP-enabled Host'),(3,'07d3fe6a52915f99e642d22e27d967a4','ucd/net SNMP Host'),(4,'4e5dc8dd115264c2e9f3adb725c29413','Karlnet Wireless Bridge'),(5,'cae6a879f86edacb2471055783bec6d0','Cisco Router'),(6,'9ef418b4251751e09c3c416704b01b01','Netware 4/5 Server'),(7,'5b8300be607dce4f030b026a381b91cd','Windows 2000/XP Host'),(8,'2d3e47f416738c2d22c87c40218cc55e','Local Linux Machine'),(10,'ae2ca573056e96de1096defac9dce54a','Ionix Router');
/*!40000 ALTER TABLE `host_template` ENABLE KEYS */;
UNLOCK TABLES;

--
-- Table structure for table `host_template_graph`
--

DROP TABLE IF EXISTS `host_template_graph`;
/*!40101 SET @saved_cs_client     = @@character_set_client */;
/*!40101 SET character_set_client = utf8 */;
CREATE TABLE `host_template_graph` (
  `host_template_id` mediumint(8) unsigned NOT NULL default '0',
  `graph_template_id` mediumint(8) unsigned NOT NULL default '0',
  PRIMARY KEY  (`host_template_id`,`graph_template_id`),
  KEY `host_template_id` (`host_template_id`)
) ENGINE=MyISAM DEFAULT CHARSET=latin1;
/*!40101 SET character_set_client = @saved_cs_client */;

--
-- Dumping data for table `host_template_graph`
--

LOCK TABLES `host_template_graph` WRITE;
/*!40000 ALTER TABLE `host_template_graph` DISABLE KEYS */;
INSERT INTO `host_template_graph` VALUES (3,4),(3,11),(3,13),(6,14),(6,16),(6,17),(6,30),(7,28),(7,29),(8,8),(8,9),(8,10),(8,12),(10,40),(10,41),(10,42);
/*!40000 ALTER TABLE `host_template_graph` ENABLE KEYS */;
UNLOCK TABLES;

--
-- Table structure for table `host_template_snmp_query`
--

DROP TABLE IF EXISTS `host_template_snmp_query`;
/*!40101 SET @saved_cs_client     = @@character_set_client */;
/*!40101 SET character_set_client = utf8 */;
CREATE TABLE `host_template_snmp_query` (
  `host_template_id` mediumint(8) unsigned NOT NULL default '0',
  `snmp_query_id` mediumint(8) unsigned NOT NULL default '0',
  PRIMARY KEY  (`host_template_id`,`snmp_query_id`),
  KEY `host_template_id` (`host_template_id`)
) ENGINE=MyISAM DEFAULT CHARSET=latin1;
/*!40101 SET character_set_client = @saved_cs_client */;

--
-- Dumping data for table `host_template_snmp_query`
--

LOCK TABLES `host_template_snmp_query` WRITE;
/*!40000 ALTER TABLE `host_template_snmp_query` DISABLE KEYS */;
INSERT INTO `host_template_snmp_query` VALUES (1,1),(3,1),(3,2),(4,1),(4,3),(6,1),(6,4),(6,7),(7,1),(7,8),(7,9),(8,6),(10,15),(10,16),(10,17);
/*!40000 ALTER TABLE `host_template_snmp_query` ENABLE KEYS */;
UNLOCK TABLES;

--
-- Table structure for table `plugin_autom8_graph_rule_items`
--

DROP TABLE IF EXISTS `plugin_autom8_graph_rule_items`;
/*!40101 SET @saved_cs_client     = @@character_set_client */;
/*!40101 SET character_set_client = utf8 */;
CREATE TABLE `plugin_autom8_graph_rule_items` (
  `id` mediumint(8) unsigned NOT NULL auto_increment,
  `rule_id` mediumint(8) unsigned NOT NULL default '0',
  `sequence` smallint(3) unsigned NOT NULL default '0',
  `operation` smallint(3) unsigned NOT NULL default '0',
  `field` varchar(255) NOT NULL default '',
  `operator` smallint(3) unsigned NOT NULL default '0',
  `pattern` varchar(255) NOT NULL default '',
  PRIMARY KEY  (`id`)
) ENGINE=MyISAM AUTO_INCREMENT=18 DEFAULT CHARSET=latin1 COMMENT='Autom8 Graph Rule Items';
/*!40101 SET character_set_client = @saved_cs_client */;

--
-- Dumping data for table `plugin_autom8_graph_rule_items`
--

LOCK TABLES `plugin_autom8_graph_rule_items` WRITE;
/*!40000 ALTER TABLE `plugin_autom8_graph_rule_items` DISABLE KEYS */;
INSERT INTO `plugin_autom8_graph_rule_items` VALUES (1,1,1,0,'ifOperStatus',7,'Up'),(2,1,2,1,'ifIP',16,''),(3,1,3,1,'ifHwAddr',16,''),(4,2,1,0,'ifOperStatus',7,'Up'),(5,2,2,1,'ifIP',16,''),(6,2,3,1,'ifHwAddr',16,''),(11,6,1,0,'Description',14,''),(12,5,1,0,'DeviceID',14,''),(16,5,2,0,'Data',16,''),(17,6,2,0,'Data',16,'');
/*!40000 ALTER TABLE `plugin_autom8_graph_rule_items` ENABLE KEYS */;
UNLOCK TABLES;

--
-- Table structure for table `plugin_autom8_graph_rules`
--

DROP TABLE IF EXISTS `plugin_autom8_graph_rules`;
/*!40101 SET @saved_cs_client     = @@character_set_client */;
/*!40101 SET character_set_client = utf8 */;
CREATE TABLE `plugin_autom8_graph_rules` (
  `id` mediumint(8) unsigned NOT NULL auto_increment,
  `name` varchar(255) NOT NULL default '',
  `snmp_query_id` smallint(3) unsigned NOT NULL default '0',
  `graph_type_id` smallint(3) unsigned NOT NULL default '0',
  `enabled` char(2) default '',
  PRIMARY KEY  (`id`)
) ENGINE=MyISAM AUTO_INCREMENT=7 DEFAULT CHARSET=latin1 COMMENT='Autom8 Graph Rules';
/*!40101 SET character_set_client = @saved_cs_client */;

--
-- Dumping data for table `plugin_autom8_graph_rules`
--

LOCK TABLES `plugin_autom8_graph_rules` WRITE;
/*!40000 ALTER TABLE `plugin_autom8_graph_rules` DISABLE KEYS */;
INSERT INTO `plugin_autom8_graph_rules` VALUES (1,'Traffic 64 bit Server',1,14,''),(2,'Traffic 64 bit Server Linux',1,14,''),(3,'Disk Space',8,18,''),(5,'Ionix - Interfaces (Beta)',17,33,'on'),(6,'Ionix - Temperature (Beta)',15,31,'on');
/*!40000 ALTER TABLE `plugin_autom8_graph_rules` ENABLE KEYS */;
UNLOCK TABLES;

--
-- Table structure for table `plugin_autom8_match_rule_items`
--

DROP TABLE IF EXISTS `plugin_autom8_match_rule_items`;
/*!40101 SET @saved_cs_client     = @@character_set_client */;
/*!40101 SET character_set_client = utf8 */;
CREATE TABLE `plugin_autom8_match_rule_items` (
  `id` mediumint(8) unsigned NOT NULL auto_increment,
  `rule_id` mediumint(8) unsigned NOT NULL default '0',
  `rule_type` smallint(3) unsigned NOT NULL default '0',
  `sequence` smallint(3) unsigned NOT NULL default '0',
  `operation` smallint(3) unsigned NOT NULL default '0',
  `field` varchar(255) NOT NULL default '',
  `operator` smallint(3) unsigned NOT NULL default '0',
  `pattern` varchar(255) NOT NULL default '',
  PRIMARY KEY  (`id`)
) ENGINE=MyISAM AUTO_INCREMENT=13 DEFAULT CHARSET=latin1 COMMENT='Autom8 Match Rule Items';
/*!40101 SET character_set_client = @saved_cs_client */;

--
-- Dumping data for table `plugin_autom8_match_rule_items`
--

LOCK TABLES `plugin_autom8_match_rule_items` WRITE;
/*!40000 ALTER TABLE `plugin_autom8_match_rule_items` DISABLE KEYS */;
INSERT INTO `plugin_autom8_match_rule_items` VALUES (1,1,1,1,0,'host.description',14,''),(2,1,1,2,1,'host.snmp_version',12,'2'),(3,1,3,1,0,'host_template.name',1,'Linux'),(4,2,1,1,0,'host_template.name',1,'Linux'),(5,2,1,2,1,'host.snmp_version',12,'2'),(6,2,3,1,0,'host_template.name',1,'SNMP'),(7,2,3,2,1,'graph_templates.name',1,'Traffic'),(10,5,1,1,0,'host.hostname',14,''),(11,6,1,1,0,'host.hostname',14,''),(12,3,3,1,0,'host_template.name',1,'Ionix');
/*!40000 ALTER TABLE `plugin_autom8_match_rule_items` ENABLE KEYS */;
UNLOCK TABLES;

--
-- Table structure for table `plugin_autom8_tree_rule_items`
--

DROP TABLE IF EXISTS `plugin_autom8_tree_rule_items`;
/*!40101 SET @saved_cs_client     = @@character_set_client */;
/*!40101 SET character_set_client = utf8 */;
CREATE TABLE `plugin_autom8_tree_rule_items` (
  `id` mediumint(8) unsigned NOT NULL auto_increment,
  `rule_id` mediumint(8) unsigned NOT NULL default '0',
  `sequence` smallint(3) unsigned NOT NULL default '0',
  `field` varchar(255) NOT NULL default '',
  `rra_id` mediumint(8) unsigned NOT NULL default '0',
  `sort_type` smallint(3) unsigned NOT NULL default '0',
  `propagate_changes` char(2) default '',
  `search_pattern` varchar(255) NOT NULL default '',
  `replace_pattern` varchar(255) NOT NULL default '',
  PRIMARY KEY  (`id`)
) ENGINE=MyISAM AUTO_INCREMENT=7 DEFAULT CHARSET=latin1 COMMENT='Autom8 Tree Rule Items';
/*!40101 SET character_set_client = @saved_cs_client */;

--
-- Dumping data for table `plugin_autom8_tree_rule_items`
--

LOCK TABLES `plugin_autom8_tree_rule_items` WRITE;
/*!40000 ALTER TABLE `plugin_autom8_tree_rule_items` DISABLE KEYS */;
INSERT INTO `plugin_autom8_tree_rule_items` VALUES (1,1,1,'host_template.name',0,1,'','^(.*)\\s*Linux\\s*(.*)$','${1}\\n${2}'),(2,1,2,'host.hostname',0,1,'','^(\\w*)\\s*(\\w*)\\s*(\\w*).*$','${1}\\n${2}\\n${3}'),(3,2,1,'0',0,2,'on','Traffic',''),(4,2,2,'graph_templates_graph.title_cache',0,1,'','^(.*)\\s*-\\s*Traffic -\\s*(.*)$','${1}\\n${2}'),(6,3,2,'host.hostname',0,2,'on','(.*)::(.*)::(.*)::(.*)::(.*)','\\n${2}\\n${3}\\n${4}');
/*!40000 ALTER TABLE `plugin_autom8_tree_rule_items` ENABLE KEYS */;
UNLOCK TABLES;

--
-- Table structure for table `plugin_autom8_tree_rules`
--

DROP TABLE IF EXISTS `plugin_autom8_tree_rules`;
/*!40101 SET @saved_cs_client     = @@character_set_client */;
/*!40101 SET character_set_client = utf8 */;
CREATE TABLE `plugin_autom8_tree_rules` (
  `id` mediumint(8) unsigned NOT NULL auto_increment,
  `name` varchar(255) NOT NULL default '',
  `tree_id` smallint(3) unsigned NOT NULL default '0',
  `tree_item_id` mediumint(8) unsigned NOT NULL default '0',
  `leaf_type` smallint(3) unsigned NOT NULL default '0',
  `host_grouping_type` smallint(3) unsigned NOT NULL default '0',
  `rra_id` mediumint(8) unsigned NOT NULL default '0',
  `enabled` char(2) default '',
  PRIMARY KEY  (`id`)
) ENGINE=MyISAM AUTO_INCREMENT=4 DEFAULT CHARSET=latin1 COMMENT='Autom8 Tree Rules';
/*!40101 SET character_set_client = @saved_cs_client */;

--
-- Dumping data for table `plugin_autom8_tree_rules`
--

LOCK TABLES `plugin_autom8_tree_rules` WRITE;
/*!40000 ALTER TABLE `plugin_autom8_tree_rules` DISABLE KEYS */;
INSERT INTO `plugin_autom8_tree_rules` VALUES (1,'New Device',1,0,3,1,0,''),(2,'New Graph',1,0,2,0,1,''),(3,'Ionix - New Device',3,0,3,0,0,'on');
/*!40000 ALTER TABLE `plugin_autom8_tree_rules` ENABLE KEYS */;
UNLOCK TABLES;

--
-- Table structure for table `plugin_config`
--

DROP TABLE IF EXISTS `plugin_config`;
/*!40101 SET @saved_cs_client     = @@character_set_client */;
/*!40101 SET character_set_client = utf8 */;
CREATE TABLE `plugin_config` (
  `id` int(8) NOT NULL auto_increment,
  `directory` varchar(32) NOT NULL default '',
  `name` varchar(64) NOT NULL default '',
  `status` tinyint(2) NOT NULL default '0',
  `author` varchar(64) NOT NULL default '',
  `webpage` varchar(255) NOT NULL default '',
  `version` varchar(8) NOT NULL default '',
  PRIMARY KEY  (`id`),
  KEY `status` (`status`),
  KEY `directory` (`directory`)
) ENGINE=MyISAM AUTO_INCREMENT=5 DEFAULT CHARSET=latin1;
/*!40101 SET character_set_client = @saved_cs_client */;

--
-- Dumping data for table `plugin_config`
--

LOCK TABLES `plugin_config` WRITE;
/*!40000 ALTER TABLE `plugin_config` DISABLE KEYS */;
INSERT INTO `plugin_config` VALUES (4,'autom8','Automate Cacti Tasks',1,'Reinhard Scheck','http://docs.cacti.net/plugin:autom8','0.35');
/*!40000 ALTER TABLE `plugin_config` ENABLE KEYS */;
UNLOCK TABLES;

--
-- Table structure for table `plugin_db_changes`
--

DROP TABLE IF EXISTS `plugin_db_changes`;
/*!40101 SET @saved_cs_client     = @@character_set_client */;
/*!40101 SET character_set_client = utf8 */;
CREATE TABLE `plugin_db_changes` (
  `id` int(10) NOT NULL auto_increment,
  `plugin` varchar(16) NOT NULL default '',
  `table` varchar(64) NOT NULL default '',
  `column` varchar(64) NOT NULL,
  `method` varchar(16) NOT NULL default '',
  PRIMARY KEY  (`id`),
  KEY `plugin` (`plugin`),
  KEY `method` (`method`)
) ENGINE=MyISAM AUTO_INCREMENT=18 DEFAULT CHARSET=latin1;
/*!40101 SET character_set_client = @saved_cs_client */;

--
-- Dumping data for table `plugin_db_changes`
--

LOCK TABLES `plugin_db_changes` WRITE;
/*!40000 ALTER TABLE `plugin_db_changes` DISABLE KEYS */;
INSERT INTO `plugin_db_changes` VALUES (17,'autom8','plugin_autom8_tree_rule_items','','create'),(15,'autom8','plugin_autom8_graph_rule_items','','create'),(16,'autom8','plugin_autom8_tree_rules','','create'),(14,'autom8','plugin_autom8_graph_rules','','create'),(13,'autom8','plugin_autom8_match_rule_items','','create');
/*!40000 ALTER TABLE `plugin_db_changes` ENABLE KEYS */;
UNLOCK TABLES;

--
-- Table structure for table `plugin_hooks`
--

DROP TABLE IF EXISTS `plugin_hooks`;
/*!40101 SET @saved_cs_client     = @@character_set_client */;
/*!40101 SET character_set_client = utf8 */;
CREATE TABLE `plugin_hooks` (
  `id` int(8) NOT NULL auto_increment,
  `name` varchar(32) NOT NULL default '',
  `hook` varchar(64) NOT NULL default '',
  `file` varchar(255) NOT NULL default '',
  `function` varchar(128) NOT NULL default '',
  `status` int(8) NOT NULL default '0',
  PRIMARY KEY  (`id`),
  KEY `hook` (`hook`),
  KEY `status` (`status`)
) ENGINE=MyISAM AUTO_INCREMENT=53 DEFAULT CHARSET=latin1;
/*!40101 SET character_set_client = @saved_cs_client */;

--
-- Dumping data for table `plugin_hooks`
--

LOCK TABLES `plugin_hooks` WRITE;
/*!40000 ALTER TABLE `plugin_hooks` DISABLE KEYS */;
INSERT INTO `plugin_hooks` VALUES (1,'internal','config_arrays','','plugin_config_arrays',1),(2,'internal','draw_navigation_text','','plugin_draw_navigation_text',1),(52,'autom8','graphs_action_execute','autom8_actions.php','autom8_graph_action_execute',1),(51,'autom8','graphs_action_prepare','autom8_actions.php','autom8_graph_action_prepare',1),(49,'autom8','device_action_execute','autom8_actions.php','autom8_device_action_execute',1),(43,'autom8','run_data_query','autom8_functions.php','autom8_hook_data_query',1),(44,'autom8','add_graph_template_to_host','autom8_functions.php','autom8_hook_graph_template',1),(45,'autom8','api_device_new','autom8_functions.php','autom8_hook_device_create_tree',1),(46,'autom8','create_complete_graph_from_template','autom8_functions.php','autom8_hook_graph_create_tree',1),(47,'autom8','device_action_array','autom8_actions.php','autom8_device_action_array',1),(40,'autom8','config_form','setup.php','autom8_config_form',1),(41,'autom8','config_settings','setup.php','autom8_config_settings',1),(48,'autom8','device_action_prepare','autom8_actions.php','autom8_device_action_prepare',1),(50,'autom8','graphs_action_array','autom8_actions.php','autom8_graph_action_array',1),(42,'autom8','draw_navigation_text','setup.php','autom8_draw_navigation_text',1),(39,'autom8','config_arrays','setup.php','autom8_config_arrays',1);
/*!40000 ALTER TABLE `plugin_hooks` ENABLE KEYS */;
UNLOCK TABLES;

--
-- Table structure for table `plugin_realms`
--

DROP TABLE IF EXISTS `plugin_realms`;
/*!40101 SET @saved_cs_client     = @@character_set_client */;
/*!40101 SET character_set_client = utf8 */;
CREATE TABLE `plugin_realms` (
  `id` int(8) NOT NULL auto_increment,
  `plugin` varchar(32) NOT NULL default '',
  `file` text NOT NULL,
  `display` varchar(64) NOT NULL default '',
  PRIMARY KEY  (`id`),
  KEY `plugin` (`plugin`)
) ENGINE=MyISAM AUTO_INCREMENT=6 DEFAULT CHARSET=latin1;
/*!40101 SET character_set_client = @saved_cs_client */;

--
-- Dumping data for table `plugin_realms`
--

LOCK TABLES `plugin_realms` WRITE;
/*!40000 ALTER TABLE `plugin_realms` DISABLE KEYS */;
INSERT INTO `plugin_realms` VALUES (1,'internal','plugins.php','Plugin Management'),(5,'autom8','autom8_graph_rules.php,autom8_graph_rules_items.php,autom8_tree_rules.php,autom8_tree_rules_items.php','Plugin Automate -> Maintain Automation Rules');
/*!40000 ALTER TABLE `plugin_realms` ENABLE KEYS */;
UNLOCK TABLES;

--
-- Table structure for table `poller`
--

DROP TABLE IF EXISTS `poller`;
/*!40101 SET @saved_cs_client     = @@character_set_client */;
/*!40101 SET character_set_client = utf8 */;
CREATE TABLE `poller` (
  `id` smallint(5) unsigned NOT NULL auto_increment,
  `hostname` varchar(250) NOT NULL default '',
  `ip_address` int(11) unsigned NOT NULL default '0',
  `last_update` datetime NOT NULL default '0000-00-00 00:00:00',
  PRIMARY KEY  (`id`)
) ENGINE=MyISAM DEFAULT CHARSET=latin1;
/*!40101 SET character_set_client = @saved_cs_client */;

--
-- Dumping data for table `poller`
--

LOCK TABLES `poller` WRITE;
/*!40000 ALTER TABLE `poller` DISABLE KEYS */;
/*!40000 ALTER TABLE `poller` ENABLE KEYS */;
UNLOCK TABLES;

--
-- Table structure for table `poller_command`
--

DROP TABLE IF EXISTS `poller_command`;
/*!40101 SET @saved_cs_client     = @@character_set_client */;
/*!40101 SET character_set_client = utf8 */;
CREATE TABLE `poller_command` (
  `poller_id` smallint(5) unsigned NOT NULL default '0',
  `time` datetime NOT NULL default '0000-00-00 00:00:00',
  `action` tinyint(3) unsigned NOT NULL default '0',
  `command` varchar(200) NOT NULL default '',
  PRIMARY KEY  (`poller_id`,`action`,`command`)
) ENGINE=MyISAM DEFAULT CHARSET=latin1;
/*!40101 SET character_set_client = @saved_cs_client */;

--
-- Dumping data for table `poller_command`
--

LOCK TABLES `poller_command` WRITE;
/*!40000 ALTER TABLE `poller_command` DISABLE KEYS */;
/*!40000 ALTER TABLE `poller_command` ENABLE KEYS */;
UNLOCK TABLES;

--
-- Table structure for table `poller_item`
--

DROP TABLE IF EXISTS `poller_item`;
/*!40101 SET @saved_cs_client     = @@character_set_client */;
/*!40101 SET character_set_client = utf8 */;
CREATE TABLE `poller_item` (
  `local_data_id` mediumint(8) unsigned NOT NULL default '0',
  `poller_id` smallint(5) unsigned NOT NULL default '0',
  `host_id` mediumint(8) unsigned NOT NULL default '0',
  `action` tinyint(2) unsigned NOT NULL default '1',
  `present` tinyint(4) NOT NULL default '1',
  `hostname` varchar(250) NOT NULL default '',
  `snmp_community` varchar(100) NOT NULL default '',
  `snmp_version` tinyint(1) unsigned NOT NULL default '0',
  `snmp_username` varchar(50) NOT NULL default '',
  `snmp_password` varchar(50) NOT NULL default '',
  `snmp_auth_protocol` varchar(5) NOT NULL default '',
  `snmp_priv_passphrase` varchar(200) NOT NULL default '',
  `snmp_priv_protocol` varchar(6) NOT NULL default '',
  `snmp_context` varchar(64) default '',
  `snmp_port` mediumint(5) unsigned NOT NULL default '161',
  `snmp_timeout` mediumint(8) unsigned NOT NULL default '0',
  `rrd_name` varchar(19) NOT NULL default '',
  `rrd_path` varchar(255) NOT NULL default '',
  `rrd_num` tinyint(2) unsigned NOT NULL default '0',
  `rrd_step` mediumint(8) NOT NULL default '300',
  `rrd_next_step` mediumint(8) NOT NULL default '0',
  `arg1` text,
  `arg2` varchar(255) default NULL,
  `arg3` varchar(255) default NULL,
  PRIMARY KEY  (`local_data_id`,`rrd_name`),
  KEY `local_data_id` (`local_data_id`),
  KEY `host_id` (`host_id`),
  KEY `rrd_next_step` (`rrd_next_step`),
  KEY `action` (`action`),
  KEY `present` (`present`)
) ENGINE=MyISAM DEFAULT CHARSET=latin1;
/*!40101 SET character_set_client = @saved_cs_client */;

--
-- Dumping data for table `poller_item`
--

LOCK TABLES `poller_item` WRITE;
/*!40000 ALTER TABLE `poller_item` DISABLE KEYS */;
/*!40000 ALTER TABLE `poller_item` ENABLE KEYS */;
UNLOCK TABLES;

--
-- Table structure for table `poller_output`
--

DROP TABLE IF EXISTS `poller_output`;
/*!40101 SET @saved_cs_client     = @@character_set_client */;
/*!40101 SET character_set_client = utf8 */;
CREATE TABLE `poller_output` (
  `local_data_id` mediumint(8) unsigned NOT NULL default '0',
  `rrd_name` varchar(19) NOT NULL default '',
  `time` datetime NOT NULL default '0000-00-00 00:00:00',
  `output` text NOT NULL,
  PRIMARY KEY  (`local_data_id`,`rrd_name`,`time`)
) ENGINE=MyISAM DEFAULT CHARSET=latin1;
/*!40101 SET character_set_client = @saved_cs_client */;

--
-- Dumping data for table `poller_output`
--

LOCK TABLES `poller_output` WRITE;
/*!40000 ALTER TABLE `poller_output` DISABLE KEYS */;
/*!40000 ALTER TABLE `poller_output` ENABLE KEYS */;
UNLOCK TABLES;

--
-- Table structure for table `poller_reindex`
--

DROP TABLE IF EXISTS `poller_reindex`;
/*!40101 SET @saved_cs_client     = @@character_set_client */;
/*!40101 SET character_set_client = utf8 */;
CREATE TABLE `poller_reindex` (
  `host_id` mediumint(8) unsigned NOT NULL default '0',
  `data_query_id` mediumint(8) unsigned NOT NULL default '0',
  `action` tinyint(3) unsigned NOT NULL default '0',
  `present` tinyint(4) NOT NULL default '1',
  `op` char(1) NOT NULL default '',
  `assert_value` varchar(100) NOT NULL default '',
  `arg1` varchar(255) NOT NULL default '',
  PRIMARY KEY  (`host_id`,`data_query_id`,`arg1`),
  KEY `present` (`present`)
) ENGINE=MyISAM DEFAULT CHARSET=latin1;
/*!40101 SET character_set_client = @saved_cs_client */;

--
-- Dumping data for table `poller_reindex`
--

LOCK TABLES `poller_reindex` WRITE;
/*!40000 ALTER TABLE `poller_reindex` DISABLE KEYS */;
/*!40000 ALTER TABLE `poller_reindex` ENABLE KEYS */;
UNLOCK TABLES;

--
-- Table structure for table `poller_time`
--

DROP TABLE IF EXISTS `poller_time`;
/*!40101 SET @saved_cs_client     = @@character_set_client */;
/*!40101 SET character_set_client = utf8 */;
CREATE TABLE `poller_time` (
  `id` mediumint(8) unsigned NOT NULL auto_increment,
  `pid` int(11) unsigned NOT NULL default '0',
  `poller_id` smallint(5) unsigned NOT NULL default '0',
  `start_time` datetime NOT NULL default '0000-00-00 00:00:00',
  `end_time` datetime NOT NULL default '0000-00-00 00:00:00',
  PRIMARY KEY  (`id`)
) ENGINE=MyISAM AUTO_INCREMENT=4 DEFAULT CHARSET=latin1;
/*!40101 SET character_set_client = @saved_cs_client */;

--
-- Dumping data for table `poller_time`
--

LOCK TABLES `poller_time` WRITE;
/*!40000 ALTER TABLE `poller_time` DISABLE KEYS */;
INSERT INTO `poller_time` VALUES (1,2368,0,'2012-10-30 10:28:01','2012-10-30 10:28:01'),(2,2377,0,'2012-10-30 10:28:01','2012-10-30 10:28:01'),(3,2388,0,'2012-10-30 10:28:01','2012-10-30 10:28:01');
/*!40000 ALTER TABLE `poller_time` ENABLE KEYS */;
UNLOCK TABLES;

--
-- Table structure for table `rra`
--

DROP TABLE IF EXISTS `rra`;
/*!40101 SET @saved_cs_client     = @@character_set_client */;
/*!40101 SET character_set_client = utf8 */;
CREATE TABLE `rra` (
  `id` mediumint(8) unsigned NOT NULL auto_increment,
  `hash` varchar(32) NOT NULL default '',
  `name` varchar(100) NOT NULL default '',
  `x_files_factor` double NOT NULL default '0.1',
  `steps` mediumint(8) default '1',
  `rows` int(12) NOT NULL default '600',
  `timespan` int(12) unsigned NOT NULL default '0',
  PRIMARY KEY  (`id`)
) ENGINE=MyISAM AUTO_INCREMENT=6 DEFAULT CHARSET=latin1;
/*!40101 SET character_set_client = @saved_cs_client */;

--
-- Dumping data for table `rra`
--

LOCK TABLES `rra` WRITE;
/*!40000 ALTER TABLE `rra` DISABLE KEYS */;
INSERT INTO `rra` VALUES (1,'c21df5178e5c955013591239eb0afd46','Daily (5 Minute Average)',0.5,1,600,86400),(2,'0d9c0af8b8acdc7807943937b3208e29','Weekly (30 Minute Average)',0.5,6,700,604800),(3,'6fc2d038fb42950138b0ce3e9874cc60','Monthly (2 Hour Average)',0.5,24,775,2678400),(4,'e36f3adb9f152adfa5dc50fd2b23337e','Yearly (1 Day Average)',0.5,288,797,33053184),(5,'283ea2bf1634d92ce081ec82a634f513','Hourly (1 Minute Average)',0.5,1,500,14400);
/*!40000 ALTER TABLE `rra` ENABLE KEYS */;
UNLOCK TABLES;

--
-- Table structure for table `rra_cf`
--

DROP TABLE IF EXISTS `rra_cf`;
/*!40101 SET @saved_cs_client     = @@character_set_client */;
/*!40101 SET character_set_client = utf8 */;
CREATE TABLE `rra_cf` (
  `rra_id` mediumint(8) unsigned NOT NULL default '0',
  `consolidation_function_id` smallint(5) unsigned NOT NULL default '0',
  PRIMARY KEY  (`rra_id`,`consolidation_function_id`),
  KEY `rra_id` (`rra_id`)
) ENGINE=MyISAM DEFAULT CHARSET=latin1;
/*!40101 SET character_set_client = @saved_cs_client */;

--
-- Dumping data for table `rra_cf`
--

LOCK TABLES `rra_cf` WRITE;
/*!40000 ALTER TABLE `rra_cf` DISABLE KEYS */;
INSERT INTO `rra_cf` VALUES (1,1),(1,3),(2,1),(2,3),(3,1),(3,3),(4,1),(4,3),(5,1),(5,3);
/*!40000 ALTER TABLE `rra_cf` ENABLE KEYS */;
UNLOCK TABLES;

--
-- Table structure for table `settings`
--

DROP TABLE IF EXISTS `settings`;
/*!40101 SET @saved_cs_client     = @@character_set_client */;
/*!40101 SET character_set_client = utf8 */;
CREATE TABLE `settings` (
  `name` varchar(50) NOT NULL default '',
  `value` varchar(255) NOT NULL default '',
  PRIMARY KEY  (`name`)
) ENGINE=MyISAM DEFAULT CHARSET=latin1;
/*!40101 SET character_set_client = @saved_cs_client */;

--
-- Dumping data for table `settings`
--

LOCK TABLES `settings` WRITE;
/*!40000 ALTER TABLE `settings` DISABLE KEYS */;
INSERT INTO `settings` VALUES ('path_rrdtool','/usr/bin/rrdtool'),('path_php_binary','/usr/bin/php'),('path_snmpwalk','/usr/bin/snmpwalk'),('path_snmpget','/usr/bin/snmpget'),('path_snmpbulkwalk','/usr/bin/snmpbulkwalk'),('path_snmpgetnext','/usr/bin/snmpgetnext'),('path_cactilog','/var/www/html/cacti/log/cacti.log'),('snmp_version','net-snmp'),('rrdtool_version','rrd-1.4.x'),('poller_lastrun','1351571281'),('path_webroot','/var/www/html/cacti'),('date','2012-10-30 10:28:02'),('stats_poller','Time:0.3293 Method:spine Processes:5 Threads:5 Hosts:6 HostsPerProcess:2 DataSources:0 RRDsProcessed:0'),('stats_recache','RecacheTime:0.0 HostsRecached:0'),('discovery_last_poll','1349942170'),('discovery_prev_base_time','12:00am'),('discovery_last_run_time','1349940302'),('discovery_subnet',''),('discovery_dns',''),('discovery_protocol','0'),('discovery_readstrings','public'),('discovery_collection_timing','60'),('discovery_base_time','12:00am'),('discovery_query_rerun',''),('discovery_interface_up_only',''),('log_destination','1'),('log_snmp',''),('log_graph',''),('log_export',''),('log_verbosity','2'),('log_pstats','on'),('log_pwarn','on'),('log_perror','on'),('snmp_ver','0'),('snmp_community','public'),('snmp_username',''),('snmp_password',''),('snmp_auth_protocol','MD5'),('snmp_priv_passphrase',''),('snmp_priv_protocol','DES'),('snmp_timeout','500'),('snmp_port','161'),('snmp_retries','3'),('reindex_method','1'),('deletion_verification','on'),('poller_enabled','on'),('poller_type','2'),('poller_interval','300'),('cron_interval','300'),('concurrent_processes','5'),('process_leveling','on'),('max_threads','5'),('php_servers','1'),('script_timeout','25'),('max_get_size','10'),('availability_method','2'),('ping_method','2'),('ping_port','23'),('ping_timeout','400'),('ping_retries','1'),('ping_failure_count','2'),('ping_recovery_count','3'),('rrd_step_counter','4'),('autom8_graphs_enabled','on'),('autom8_tree_enabled','on'),('autom8_log_verbosity','2'),('num_rows_graph','30'),('max_title_graph','80'),('max_data_query_field_length','150'),('default_graphs_new_dropdown','-2'),('num_rows_data_query','30'),('num_rows_data_source','30'),('max_title_data_source','45'),('num_rows_device','30'),('num_rows_log','500'),('log_refresh_interval','60'),('title_size','10'),('title_font',''),('legend_size','8'),('legend_font',''),('axis_size','7'),('axis_font',''),('unit_size','7'),('unit_font',''),('path_rrdtool_default_font',''),('path_spine','/var/www/html/cacti/spine/bin/spine'),('extended_paths','');
/*!40000 ALTER TABLE `settings` ENABLE KEYS */;
UNLOCK TABLES;

--
-- Table structure for table `settings_graphs`
--

DROP TABLE IF EXISTS `settings_graphs`;
/*!40101 SET @saved_cs_client     = @@character_set_client */;
/*!40101 SET character_set_client = utf8 */;
CREATE TABLE `settings_graphs` (
  `user_id` smallint(8) unsigned NOT NULL default '0',
  `name` varchar(50) NOT NULL default '',
  `value` varchar(255) NOT NULL default '',
  PRIMARY KEY  (`user_id`,`name`)
) ENGINE=MyISAM DEFAULT CHARSET=latin1;
/*!40101 SET character_set_client = @saved_cs_client */;

--
-- Dumping data for table `settings_graphs`
--

LOCK TABLES `settings_graphs` WRITE;
/*!40000 ALTER TABLE `settings_graphs` DISABLE KEYS */;
/*!40000 ALTER TABLE `settings_graphs` ENABLE KEYS */;
UNLOCK TABLES;

--
-- Table structure for table `settings_tree`
--

DROP TABLE IF EXISTS `settings_tree`;
/*!40101 SET @saved_cs_client     = @@character_set_client */;
/*!40101 SET character_set_client = utf8 */;
CREATE TABLE `settings_tree` (
  `user_id` mediumint(8) unsigned NOT NULL default '0',
  `graph_tree_item_id` mediumint(8) unsigned NOT NULL default '0',
  `status` tinyint(1) NOT NULL default '0',
  PRIMARY KEY  (`user_id`,`graph_tree_item_id`)
) ENGINE=MyISAM DEFAULT CHARSET=latin1;
/*!40101 SET character_set_client = @saved_cs_client */;

--
-- Dumping data for table `settings_tree`
--

LOCK TABLES `settings_tree` WRITE;
/*!40000 ALTER TABLE `settings_tree` DISABLE KEYS */;
/*!40000 ALTER TABLE `settings_tree` ENABLE KEYS */;
UNLOCK TABLES;

--
-- Table structure for table `snmp_query`
--

DROP TABLE IF EXISTS `snmp_query`;
/*!40101 SET @saved_cs_client     = @@character_set_client */;
/*!40101 SET character_set_client = utf8 */;
CREATE TABLE `snmp_query` (
  `id` mediumint(8) unsigned NOT NULL auto_increment,
  `hash` varchar(32) NOT NULL default '',
  `xml_path` varchar(255) NOT NULL default '',
  `name` varchar(100) NOT NULL default '',
  `description` varchar(255) default NULL,
  `graph_template_id` mediumint(8) unsigned NOT NULL default '0',
  `data_input_id` mediumint(8) unsigned NOT NULL default '0',
  PRIMARY KEY  (`id`),
  KEY `name` (`name`)
) ENGINE=MyISAM AUTO_INCREMENT=18 DEFAULT CHARSET=latin1;
/*!40101 SET character_set_client = @saved_cs_client */;

--
-- Dumping data for table `snmp_query`
--

LOCK TABLES `snmp_query` WRITE;
/*!40000 ALTER TABLE `snmp_query` DISABLE KEYS */;
INSERT INTO `snmp_query` VALUES (1,'d75e406fdeca4fcef45b8be3a9a63cbc','<path_cacti>/resource/snmp_queries/interface.xml','SNMP - Interface Statistics','Queries a host for a list of monitorable interfaces',0,2),(2,'3c1b27d94ad208a0090f293deadde753','<path_cacti>/resource/snmp_queries/net-snmp_disk.xml','ucd/net -  Get Monitored Partitions','Retrieves a list of monitored partitions/disks from a net-snmp enabled host.',0,2),(3,'59aab7b0feddc7860002ed9303085ba5','<path_cacti>/resource/snmp_queries/kbridge.xml','Karlnet - Wireless Bridge Statistics','Gets information about the wireless connectivity of each station from a Karlnet bridge.',0,2),(4,'ad06f46e22e991cb47c95c7233cfaee8','<path_cacti>/resource/snmp_queries/netware_disk.xml','Netware - Get Available Volumes','Retrieves a list of volumes from a Netware server.',0,2),(6,'8ffa36c1864124b38bcda2ae9bd61f46','<path_cacti>/resource/script_queries/unix_disk.xml','Unix - Get Mounted Partitions','Queries a list of mounted partitions on a unix-based host with the',0,11),(7,'30ec734bc0ae81a3d995be82c73f46c1','<path_cacti>/resource/snmp_queries/netware_cpu.xml','Netware - Get Processor Information','Gets information about running processors in a Netware server',0,2),(8,'9343eab1f4d88b0e61ffc9d020f35414','<path_cacti>/resource/script_server/host_disk.xml','SNMP - Get Mounted Partitions','Gets a list of partitions using SNMP',0,12),(9,'0d1ab53fe37487a5d0b9e1d3ee8c1d0d','<path_cacti>/resource/script_server/host_cpu.xml','SNMP - Get Processor Information','Gets usage for each processor in the system using the host MIB.',0,12),(15,'3b39e6b93d2330b5c8a8a3a4505cff81','<path_cacti>/ionix_integration/script_queries/ionix_temp_sensors.xml','Ionix - Get Temperature Sensors (beta)','0.1 beta',0,11),(16,'66188bc7a683b317f95947998da6c97f','<path_cacti>/ionix_integration/script_queries/ionix_processors.xml','Ionix - Get Processors (beta)','0.1 beta',0,11),(17,'8fde4814184087848480fe61ea00ba74','<path_cacti>/ionix_integration/script_queries/ionix_network_adapters.xml','Ionix - Get Network Adapters (beta)','0.1 beta',0,11);
/*!40000 ALTER TABLE `snmp_query` ENABLE KEYS */;
UNLOCK TABLES;

--
-- Table structure for table `snmp_query_graph`
--

DROP TABLE IF EXISTS `snmp_query_graph`;
/*!40101 SET @saved_cs_client     = @@character_set_client */;
/*!40101 SET character_set_client = utf8 */;
CREATE TABLE `snmp_query_graph` (
  `id` mediumint(8) unsigned NOT NULL auto_increment,
  `hash` varchar(32) NOT NULL default '',
  `snmp_query_id` mediumint(8) unsigned NOT NULL default '0',
  `name` varchar(100) NOT NULL default '',
  `graph_template_id` mediumint(8) unsigned NOT NULL default '0',
  PRIMARY KEY  (`id`)
) ENGINE=MyISAM AUTO_INCREMENT=34 DEFAULT CHARSET=latin1;
/*!40101 SET character_set_client = @saved_cs_client */;

--
-- Dumping data for table `snmp_query_graph`
--

LOCK TABLES `snmp_query_graph` WRITE;
/*!40000 ALTER TABLE `snmp_query_graph` DISABLE KEYS */;
INSERT INTO `snmp_query_graph` VALUES (2,'a4b829746fb45e35e10474c36c69c0cf',1,'In/Out Errors/Discarded Packets',22),(3,'01e33224f8b15997d3d09d6b1bf83e18',1,'In/Out Non-Unicast Packets',24),(4,'1e6edee3115c42d644dbd014f0577066',1,'In/Out Unicast Packets',23),(6,'da43655bf1f641b07579256227806977',2,'Available/Used Disk Space',3),(7,'1cc468ef92a5779d37a26349e27ef3ba',3,'Wireless Levels',5),(8,'bef2dc94bc84bf91827f45424aac8d2a',3,'Wireless Transmissions',6),(9,'ab93b588c29731ab15db601ca0bc9dec',1,'In/Out Bytes (64-bit Counters)',25),(10,'5a5ce35edb4b195cbde99fd0161dfb4e',4,'Volume Information (free, freeable space)',19),(11,'c1c2cfd33eaf5064300e92e26e20bc56',4,'Directory Information (total/available entries)',20),(13,'ae34f5f385bed8c81a158bf3030f1089',1,'In/Out Bits',2),(14,'1e16a505ddefb40356221d7a50619d91',1,'In/Out Bits (64-bit Counters)',2),(15,'a0b3e7b63c2e66f9e1ea24a16ff245fc',6,'Available Disk Space',21),(16,'d1e0d9b8efd4af98d28ce2aad81a87e7',1,'In/Out Bytes',25),(17,'f6db4151aa07efa401a0af6c9b871844',7,'Get Processor Utilization',15),(18,'46c4ee688932cf6370459527eceb8ef3',8,'Available Disk Space',26),(19,'4a515b61441ea5f27ab7dee6c3cb7818',9,'Get Processor Utilization',27),(20,'ed7f68175d7bb83db8ead332fc945720',1,'In/Out Bits with 95th Percentile',31),(21,'f85386cd2fc94634ef167c7f1e5fbcd0',1,'In/Out Bits with Total Bandwidth',32),(22,'7d309bf200b6e3cdb59a33493c2e58e0',1,'In/Out Bytes with Total Bandwidth',33),(31,'42401959d9d295021e144ce762a2e9c3',15,'Ionix - Temperature',41),(32,'07469ded754173af1cf0a3a0836d3740',16,'Ionix - Processor',42),(33,'5f935345c078cd769062fbf0a55a85cf',17,'Ionix - Interface Utilization',40);
/*!40000 ALTER TABLE `snmp_query_graph` ENABLE KEYS */;
UNLOCK TABLES;

--
-- Table structure for table `snmp_query_graph_rrd`
--

DROP TABLE IF EXISTS `snmp_query_graph_rrd`;
/*!40101 SET @saved_cs_client     = @@character_set_client */;
/*!40101 SET character_set_client = utf8 */;
CREATE TABLE `snmp_query_graph_rrd` (
  `snmp_query_graph_id` mediumint(8) unsigned NOT NULL default '0',
  `data_template_id` mediumint(8) unsigned NOT NULL default '0',
  `data_template_rrd_id` mediumint(8) unsigned NOT NULL default '0',
  `snmp_field_name` varchar(50) NOT NULL default '0',
  PRIMARY KEY  (`snmp_query_graph_id`,`data_template_id`,`data_template_rrd_id`),
  KEY `data_template_rrd_id` (`data_template_rrd_id`),
  KEY `snmp_query_graph_id` (`snmp_query_graph_id`)
) ENGINE=MyISAM DEFAULT CHARSET=latin1;
/*!40101 SET character_set_client = @saved_cs_client */;

--
-- Dumping data for table `snmp_query_graph_rrd`
--

LOCK TABLES `snmp_query_graph_rrd` WRITE;
/*!40000 ALTER TABLE `snmp_query_graph_rrd` DISABLE KEYS */;
INSERT INTO `snmp_query_graph_rrd` VALUES (2,38,47,'ifInDiscards'),(3,40,52,'ifOutNUcastPkts'),(3,40,53,'ifInNUcastPkts'),(4,39,48,'ifInUcastPkts'),(2,38,51,'ifOutErrors'),(6,3,4,'dskUsed'),(6,3,3,'dskAvail'),(7,7,8,'kbWirelessStationExclHellos'),(7,8,9,'kbWirelessStationExclHellos'),(8,10,11,'kbWirelessStationExclHellos'),(8,9,10,'kbWirelessStationExclHellos'),(9,41,55,'ifHCOutOctets'),(9,41,54,'ifHCInOctets'),(10,35,38,'nwVolSize'),(10,35,40,'nwVolFreeable'),(10,35,39,'nwVolFree'),(11,36,42,'nwVolTotalDirEntries'),(11,36,43,'nwVolUsedDirEntries'),(2,38,50,'ifOutDiscards'),(2,38,46,'ifInErrors'),(13,41,54,'ifInOctets'),(14,41,54,'ifHCInOctets'),(14,41,55,'ifHCOutOctets'),(13,41,55,'ifOutOctets'),(4,39,49,'ifOutUcastPkts'),(15,37,44,'dskAvailable'),(16,41,54,'ifInOctets'),(16,41,55,'ifOutOctets'),(15,37,56,'dskUsed'),(17,42,76,'nwhrProcessorUtilization'),(18,43,78,'hrStorageUsed'),(18,43,92,'hrStorageSize'),(19,44,79,'hrProcessorLoad'),(20,41,55,'ifOutOctets'),(20,41,54,'ifInOctets'),(21,41,55,'ifOutOctets'),(21,41,54,'ifInOctets'),(22,41,55,'ifOutOctets'),(22,41,54,'ifInOctets'),(31,56,1509,'CurrentValue'),(31,56,1510,'HighThreshold'),(32,57,1512,'CurrentUtilizatoin'),(32,57,1511,'UtilizationThreshol'),(33,55,1507,'CurrentUtilization'),(33,55,1508,'CurrentUtilization');
/*!40000 ALTER TABLE `snmp_query_graph_rrd` ENABLE KEYS */;
UNLOCK TABLES;

--
-- Table structure for table `snmp_query_graph_rrd_sv`
--

DROP TABLE IF EXISTS `snmp_query_graph_rrd_sv`;
/*!40101 SET @saved_cs_client     = @@character_set_client */;
/*!40101 SET character_set_client = utf8 */;
CREATE TABLE `snmp_query_graph_rrd_sv` (
  `id` mediumint(8) unsigned NOT NULL auto_increment,
  `hash` varchar(32) NOT NULL default '',
  `snmp_query_graph_id` mediumint(8) unsigned NOT NULL default '0',
  `data_template_id` mediumint(8) unsigned NOT NULL default '0',
  `sequence` mediumint(8) unsigned NOT NULL default '0',
  `field_name` varchar(100) NOT NULL default '',
  `text` varchar(255) NOT NULL default '',
  PRIMARY KEY  (`id`),
  KEY `snmp_query_graph_id` (`snmp_query_graph_id`),
  KEY `data_template_id` (`data_template_id`)
) ENGINE=MyISAM AUTO_INCREMENT=122 DEFAULT CHARSET=latin1;
/*!40101 SET character_set_client = @saved_cs_client */;

--
-- Dumping data for table `snmp_query_graph_rrd_sv`
--

LOCK TABLES `snmp_query_graph_rrd_sv` WRITE;
/*!40000 ALTER TABLE `snmp_query_graph_rrd_sv` DISABLE KEYS */;
INSERT INTO `snmp_query_graph_rrd_sv` VALUES (10,'5d3a8b2f4a454e5b0a1494e00fe7d424',6,3,1,'name','|host_description| - Partition - |query_dskDevice|'),(11,'d0b49af67a83c258ef1eab3780f7b3dc',7,7,1,'name','|host_description| - Wireless Noise Level - |query_kbWirelessStationName|'),(12,'bf6b966dc369f3df2ea640a90845e94c',7,8,1,'name','|host_description| - Wireless Signal Level - |query_kbWirelessStationName|'),(13,'5c3616603a7ac9d0c1cb9556b377a74f',8,10,1,'name','|host_description| - Wireless Re-Transmissions - |query_kbWirelessStationName|'),(14,'080f0022f77044a512b083e3a8304e8b',8,9,1,'name','|host_description| - Wireless Transmissions - |query_kbWirelessStationName|'),(30,'8132fa9c446e199732f0102733cb1714',11,36,1,'name','|host_description| - Directories - |query_nwVolPhysicalName|'),(29,'8fc9a94a5f6ef902a3de0fa7549e7476',10,35,1,'name','|host_description| - Volumes - |query_nwVolPhysicalName|'),(80,'27eb220995925e1a5e0e41b2582a2af6',16,41,1,'rrd_maximum','|query_ifSpeed|'),(85,'e85ddc56efa677b70448f9e931360b77',14,41,1,'rrd_maximum','|query_ifSpeed|'),(84,'37bb8c5b38bb7e89ec88ea7ccacf44d4',14,41,4,'name','|host_description| - Traffic - |query_ifDescr|'),(83,'62a47c18be10f273a5f5a13a76b76f54',14,41,3,'name','|host_description| - Traffic - |query_ifIP|/|query_ifDescr|'),(32,'',12,37,1,'name','|host_description| - Partition - |query_dskDevice|'),(49,'6537b3209e0697fbec278e94e7317b52',2,38,1,'name','|host_description| - Errors - |query_ifIP| - |query_ifName|'),(50,'6d3f612051016f48c951af8901720a1c',2,38,2,'name','|host_description| - Errors - |query_ifName|'),(51,'62bc981690576d0b2bd0041ec2e4aa6f',2,38,3,'name','|host_description| - Errors - |query_ifIP|/|query_ifDescr|'),(52,'adb270d55ba521d205eac6a21478804a',2,38,4,'name','|host_description| - Errors - |query_ifDescr|'),(54,'77065435f3bbb2ff99bc3b43b81de8fe',3,40,1,'name','|host_description| - Non-Unicast Packets - |query_ifIP| - |query_ifName|'),(55,'240d8893092619c97a54265e8d0b86a1',3,40,2,'name','|host_description| - Non-Unicast Packets - |query_ifName|'),(56,'4b200ecf445bdeb4c84975b74991df34',3,40,3,'name','|host_description| - Non-Unicast Packets - |query_ifIP|/|query_ifDescr|'),(57,'d6da3887646078e4d01fe60a123c2179',3,40,4,'name','|host_description| - Non-Unicast Packets - |query_ifDescr|'),(59,'ce7769b97d80ca31d21f83dc18ba93c2',4,39,1,'name','|host_description| - Unicast Packets - |query_ifIP| - |query_ifName|'),(60,'1ee1f9717f3f4771f7f823ca5a8b83dd',4,39,2,'name','|host_description| - Unicast Packets - |query_ifName|'),(61,'a7dbd54604533b592d4fae6e67587e32',4,39,3,'name','|host_description| - Unicast Packets - |query_ifIP|/|query_ifDescr|'),(62,'b148fa7199edcf06cd71c89e5c5d7b63',4,39,4,'name','|host_description| - Unicast Packets - |query_ifDescr|'),(69,'cb09784ba05e401a3f1450126ed1e395',15,37,1,'name','|host_description| - Free Space - |query_dskDevice|'),(70,'87a659326af8c75158e5142874fd74b0',13,41,1,'name','|host_description| - Traffic - |query_ifIP| - |query_ifName|'),(72,'14aa2dead86bbad0f992f1514722c95e',13,41,2,'name','|host_description| - Traffic - |query_ifName|'),(73,'70390712158c3c5052a7d830fb456489',13,41,3,'name','|host_description| - Traffic - |query_ifIP|/|query_ifDescr|'),(74,'084efd82bbddb69fb2ac9bd0b0f16ac6',13,41,4,'name','|host_description| - Traffic - |query_ifDescr|'),(75,'7e093c535fa3d810fa76fc3d8c80c94b',13,41,1,'rrd_maximum','|query_ifSpeed|'),(76,'c7ee2110bf81639086d2da03d9d88286',16,41,1,'name','|host_description| - Traffic - |query_ifIP| - |query_ifName|'),(77,'8ef8ae2ef548892ab95bb6c9f0b3170e',16,41,2,'name','|host_description| - Traffic - |query_ifName|'),(78,'3a0f707d1c8fd0e061b70241541c7e2e',16,41,3,'name','|host_description| - Traffic - |query_ifIP|/|query_ifDescr|'),(79,'2347e9f53564a54d43f3c00d4b60040d',16,41,4,'name','|host_description| - Traffic - |query_ifDescr|'),(81,'2e8b27c63d98249096ad5bc320787f43',14,41,1,'name','|host_description| - Traffic - |query_ifIP| - |query_ifName|'),(82,'8d820d091ec1a9683cfa74a462f239ee',14,41,2,'name','|host_description| - Traffic - |query_ifName|'),(86,'c582d3b37f19e4a703d9bf4908dc6548',9,41,1,'name','|host_description| - Traffic - |query_ifIP| - |query_ifName|'),(88,'e1be83d708ed3c0b8715ccb6517a0365',9,41,2,'name','|host_description| - Traffic - |query_ifName|'),(89,'57a9ae1f197498ca8dcde90194f61cbc',9,41,3,'name','|host_description| - Traffic - |query_ifIP|/|query_ifDescr|'),(90,'0110e120981c7ff15304e4a85cb42cbe',9,41,4,'name','|host_description| - Traffic - |query_ifDescr|'),(91,'ce0b9c92a15759d3ddbd7161d26a98b7',9,41,1,'rrd_maximum','|query_ifSpeed|'),(92,'42277993a025f1bfd85374d6b4deeb60',17,42,1,'name','|host_description| - CPU Utilization - CPU|query_nwhrProcessorNum|'),(93,'a3f280327b1592a1a948e256380b544f',18,43,1,'name','|host_description| - Used Space - |query_hrStorageDescr|'),(94,'b5a724edc36c10891fa2a5c370d55b6f',19,44,1,'name','|host_description| - CPU Utilization - CPU|query_hrProcessorFrwID|'),(95,'7e87efd0075caba9908e2e6e569b25b0',20,41,1,'name','|host_description| - Traffic - |query_ifIP| - |query_ifName|'),(96,'dd28d96a253ab86846aedb25d1cca712',20,41,2,'name','|host_description| - Traffic - |query_ifName|'),(97,'ce425fed4eb3174e4f1cde9713eeafa0',20,41,3,'name','|host_description| - Traffic - |query_ifIP|/|query_ifDescr|'),(98,'d0d05156ddb2c65181588db4b64d3907',20,41,4,'name','|host_description| - Traffic - |query_ifDescr|'),(99,'3b018f789ff72cc5693ef79e3a794370',20,41,1,'rrd_maximum','|query_ifSpeed|'),(100,'b225229dbbb48c1766cf90298674ceed',21,41,1,'name','|host_description| - Traffic - |query_ifIP| - |query_ifName|'),(101,'c79248ddbbd195907260887b021a055d',21,41,2,'name','|host_description| - Traffic - |query_ifName|'),(102,'12a6750d973b7f14783f205d86220082',21,41,3,'name','|host_description| - Traffic - |query_ifIP|/|query_ifDescr|'),(103,'25b151fcfe093812cb5c208e36dd697e',21,41,4,'name','|host_description| - Traffic - |query_ifDescr|'),(104,'e9ab404a294e406c20fdd30df766161f',21,41,1,'rrd_maximum','|query_ifSpeed|'),(105,'119578a4f01ab47e820b0e894e5e5bb3',22,41,1,'name','|host_description| - Traffic - |query_ifIP| - |query_ifName|'),(106,'940e57d24b2623849c77b59ed05931b9',22,41,2,'name','|host_description| - Traffic - |query_ifName|'),(107,'0f045eab01bbc4437b30da568ed5cb03',22,41,3,'name','|host_description| - Traffic - |query_ifIP|/|query_ifDescr|'),(108,'bd70bf71108d32f0bf91b24c85b87ff0',22,41,4,'name','|host_description| - Traffic - |query_ifDescr|'),(109,'fdc4cb976c4b9053bfa2af791a21c5b5',22,41,1,'rrd_maximum','|query_ifSpeed|'),(120,'a2378d9a17f50179662d93a020a46f6d',32,57,2,'name','|host_description| - |query_DeviceID| - Processor Utilization'),(119,'cd0e5ac8a64a2e1ccd0013c7bcccbd06',32,57,1,'name','|host_description| - |query_Description| - Processor Utilization'),(118,'3f586ee4d232dc62c5ead3c47645a365',31,56,1,'name','|host_description| - |query_Description| - Temperature'),(121,'6457010bb3b383dd9d319473511f3737',33,55,1,'name','|host_description| - |query_DeviceID| - |query_InterfaceAlias| - Interface Utilization');
/*!40000 ALTER TABLE `snmp_query_graph_rrd_sv` ENABLE KEYS */;
UNLOCK TABLES;

--
-- Table structure for table `snmp_query_graph_sv`
--

DROP TABLE IF EXISTS `snmp_query_graph_sv`;
/*!40101 SET @saved_cs_client     = @@character_set_client */;
/*!40101 SET character_set_client = utf8 */;
CREATE TABLE `snmp_query_graph_sv` (
  `id` mediumint(8) unsigned NOT NULL auto_increment,
  `hash` varchar(32) NOT NULL default '',
  `snmp_query_graph_id` mediumint(8) unsigned NOT NULL default '0',
  `sequence` mediumint(8) unsigned NOT NULL default '0',
  `field_name` varchar(100) NOT NULL default '',
  `text` varchar(255) NOT NULL default '',
  PRIMARY KEY  (`id`),
  KEY `snmp_query_graph_id` (`snmp_query_graph_id`)
) ENGINE=MyISAM AUTO_INCREMENT=57 DEFAULT CHARSET=latin1;
/*!40101 SET character_set_client = @saved_cs_client */;

--
-- Dumping data for table `snmp_query_graph_sv`
--

LOCK TABLES `snmp_query_graph_sv` WRITE;
/*!40000 ALTER TABLE `snmp_query_graph_sv` DISABLE KEYS */;
INSERT INTO `snmp_query_graph_sv` VALUES (7,'437918b8dcd66a64625c6cee481fff61',6,1,'title','|host_description| - Disk Space - |query_dskPath|'),(5,'2ddc61ff4bd9634f33aedce9524b7690',7,1,'title','|host_description| - Wireless Levels (|query_kbWirelessStationName|)'),(6,'c72e2da7af2cdbd6b44a5eb42c5b4758',8,1,'title','|host_description| - Wireless Transmissions (|query_kbWirelessStationName|)'),(11,'a412c5dfa484b599ec0f570979fdbc9e',10,1,'title','|host_description| - Volume Information - |query_nwVolPhysicalName|'),(12,'48f4792dd49fefd7d640ec46b1d7bdb3',11,1,'title','|host_description| - Directory Information - |query_nwVolPhysicalName|'),(14,'',12,1,'title','|host_description| - Disk Space - |query_dskDevice|'),(15,'49dca5592ac26ff149a4fbd18d690644',13,1,'title','|host_description| - Traffic - |query_ifName|'),(16,'bda15298139ad22bdc8a3b0952d4e3ab',13,2,'title','|host_description| - Traffic - |query_ifIP| (|query_ifDescr|)'),(17,'29e48483d0471fcd996bfb702a5960aa',13,3,'title','|host_description| - Traffic - |query_ifDescr|/|query_ifIndex|'),(18,'3f42d358965cb94ce4f708b59e04f82b',14,1,'title','|host_description| - Traffic - |query_ifName|'),(19,'45f44b2f811ea8a8ace1cbed8ef906f1',14,2,'title','|host_description| - Traffic - |query_ifIP| (|query_ifDescr|)'),(20,'69c14fbcc23aecb9920b3cdad7f89901',14,3,'title','|host_description| - Traffic - |query_ifDescr|/|query_ifIndex|'),(21,'299d3434851fc0d5c0e105429069709d',2,1,'title','|host_description| - Errors - |query_ifName|'),(22,'8c8860b17fd67a9a500b4cb8b5e19d4b',2,2,'title','|host_description| - Errors - |query_ifIP| (|query_ifDescr|)'),(23,'d96360ae5094e5732e7e7496ceceb636',2,3,'title','|host_description| - Errors - |query_ifDescr|/|query_ifIndex|'),(24,'750a290cadc3dc60bb682a5c5f47df16',3,1,'title','|host_description| - Non-Unicast Packets - |query_ifName|'),(25,'bde195eecc256c42ca9725f1f22c1dc0',3,2,'title','|host_description| - Non-Unicast Packets - |query_ifIP| (|query_ifDescr|)'),(26,'d9e97d22689e4ffddaca23b46f2aa306',3,3,'title','|host_description| - Non-Unicast Packets - |query_ifDescr|/|query_ifIndex|'),(27,'48ceaba62e0c2671a810a7f1adc5f751',4,1,'title','|host_description| - Unicast Packets - |query_ifName|'),(28,'d6258884bed44abe46d264198adc7c5d',4,2,'title','|host_description| - Unicast Packets - |query_ifIP| (|query_ifDescr|)'),(29,'6eb58d9835b2b86222306d6ced9961d9',4,3,'title','|host_description| - Unicast Packets - |query_ifDescr|/|query_ifIndex|'),(30,'f21b23df740bc4a2d691d2d7b1b18dba',15,1,'title','|host_description| - Disk Space - |query_dskDevice|'),(31,'7fb4a267065f960df81c15f9022cd3a4',16,1,'title','|host_description| - Traffic - |query_ifName|'),(32,'e403f5a733bf5c8401a110609683deb3',16,2,'title','|host_description| - Traffic - |query_ifIP| (|query_ifDescr|)'),(33,'809c2e80552d56b65ca496c1c2fff398',16,3,'title','|host_description| - Traffic - |query_ifDescr|/|query_ifIndex|'),(34,'0a5eb36e98c04ad6be8e1ef66caeed3c',9,1,'title','|host_description| - Traffic - |query_ifName|'),(35,'4c4386a96e6057b7bd0b78095209ddfa',9,2,'title','|host_description| - Traffic - |query_ifIP| (|query_ifDescr|)'),(36,'fd3a384768b0388fa64119fe2f0cc113',9,3,'title','|host_description| - Traffic - |query_ifDescr|/|query_ifIndex|'),(38,'9852782792ede7c0805990e506ac9618',18,1,'title','|host_description| - Used Space - |query_hrStorageDescr|'),(39,'fa2f07ab54fce72eea684ba893dd9c95',19,1,'title','|host_description| - CPU Utilization - CPU|query_hrProcessorFrwID|'),(40,'d99f8db04fd07bcd2260d246916e03da',17,1,'title','|host_description| - CPU Utilization - CPU|query_nwhrProcessorNum|'),(41,'f434ec853c479d424276f367e9806a75',20,1,'title','|host_description| - Traffic - |query_ifName|'),(42,'9b085245847444c5fb90ebbf4448e265',20,2,'title','|host_description| - Traffic - |query_ifIP| (|query_ifDescr|)'),(43,'5977863f28629bd8eb93a2a9cbc3e306',20,3,'title','|host_description| - Traffic - |query_ifDescr|/|query_ifIndex|'),(44,'37b6711af3930c56309cf8956d8bbf14',21,1,'title','|host_description| - Traffic - |query_ifName|'),(45,'cc435c5884a75421329a9b08207c1c90',21,2,'title','|host_description| - Traffic - |query_ifIP| (|query_ifDescr|)'),(46,'82edeea1ec249c9818773e3145836492',21,3,'title','|host_description| - Traffic - |query_ifDescr|/|query_ifIndex|'),(47,'87522150ee8a601b4d6a1f6b9e919c47',22,1,'title','|host_description| - Traffic - |query_ifName|'),(48,'993a87c04f550f1209d689d584aa8b45',22,2,'title','|host_description| - Traffic - |query_ifIP| (|query_ifDescr|)'),(49,'183bb486c92a566fddcb0585ede37865',22,3,'title','|host_description| - Traffic - |query_ifDescr|/|query_ifIndex|'),(50,'7ed4a4f6ddc85e90840fb557f9ad1ed4',26,1,'title','|host_description| - |query_DisplayName| - Interface Utilization'),(51,'f6f5c0e7480d379513758a033f3d9e29',28,1,'title','|host_description| - |query_Description| - Temperature'),(52,'63b3cf4b6a6e97c4d9345f22951975ce',30,1,'title','|host_description| - |query_Description| - Processor'),(53,'f6f5c0e7480d379513758a033f3d9e29',31,1,'title','|host_description| - |query_Description| - Temperature'),(54,'5d90e8fbf7d9a896cb6b73d9bf5af755',32,1,'title','|host_description| - |query_Description| - Processor Utilization'),(55,'148b754a782d2ac81bea544a96b86b29',32,2,'title','|host_description| - |query_DeviceID| - Processor Utilization'),(56,'a0ea730cd7c73ced162bea4b61044325',33,1,'title','|host_description| - |query_DeviceID| - |query_InterfaceAlias| - Interface Utilization');
/*!40000 ALTER TABLE `snmp_query_graph_sv` ENABLE KEYS */;
UNLOCK TABLES;

--
-- Table structure for table `user_auth`
--

DROP TABLE IF EXISTS `user_auth`;
/*!40101 SET @saved_cs_client     = @@character_set_client */;
/*!40101 SET character_set_client = utf8 */;
CREATE TABLE `user_auth` (
  `id` mediumint(8) unsigned NOT NULL auto_increment,
  `username` varchar(50) NOT NULL default '0',
  `password` varchar(50) NOT NULL default '0',
  `realm` mediumint(8) NOT NULL default '0',
  `full_name` varchar(100) default '0',
  `must_change_password` char(2) default NULL,
  `show_tree` char(2) default 'on',
  `show_list` char(2) default 'on',
  `show_preview` char(2) NOT NULL default 'on',
  `graph_settings` char(2) default NULL,
  `login_opts` tinyint(1) NOT NULL default '1',
  `policy_graphs` tinyint(1) unsigned NOT NULL default '1',
  `policy_trees` tinyint(1) unsigned NOT NULL default '1',
  `policy_hosts` tinyint(1) unsigned NOT NULL default '1',
  `policy_graph_templates` tinyint(1) unsigned NOT NULL default '1',
  `enabled` char(2) NOT NULL default 'on',
  PRIMARY KEY  (`id`),
  KEY `username` (`username`),
  KEY `realm` (`realm`),
  KEY `enabled` (`enabled`)
) ENGINE=MyISAM AUTO_INCREMENT=4 DEFAULT CHARSET=latin1;
/*!40101 SET character_set_client = @saved_cs_client */;

--
-- Dumping data for table `user_auth`
--

LOCK TABLES `user_auth` WRITE;
/*!40000 ALTER TABLE `user_auth` DISABLE KEYS */;
INSERT INTO `user_auth` VALUES (1,'admin','4f38f4117791e85980213136bb816569',0,'Administrator','','on','on','on','on',1,1,1,1,1,'on'),(3,'guest','43e9a4ab75570f5b',0,'Guest Account','on','on','on','on','on',3,1,1,1,1,'');
/*!40000 ALTER TABLE `user_auth` ENABLE KEYS */;
UNLOCK TABLES;

--
-- Table structure for table `user_auth_perms`
--

DROP TABLE IF EXISTS `user_auth_perms`;
/*!40101 SET @saved_cs_client     = @@character_set_client */;
/*!40101 SET character_set_client = utf8 */;
CREATE TABLE `user_auth_perms` (
  `user_id` mediumint(8) unsigned NOT NULL default '0',
  `item_id` mediumint(8) unsigned NOT NULL default '0',
  `type` tinyint(2) unsigned NOT NULL default '0',
  PRIMARY KEY  (`user_id`,`item_id`,`type`),
  KEY `user_id` (`user_id`,`type`)
) ENGINE=MyISAM DEFAULT CHARSET=latin1;
/*!40101 SET character_set_client = @saved_cs_client */;

--
-- Dumping data for table `user_auth_perms`
--

LOCK TABLES `user_auth_perms` WRITE;
/*!40000 ALTER TABLE `user_auth_perms` DISABLE KEYS */;
/*!40000 ALTER TABLE `user_auth_perms` ENABLE KEYS */;
UNLOCK TABLES;

--
-- Table structure for table `user_auth_realm`
--

DROP TABLE IF EXISTS `user_auth_realm`;
/*!40101 SET @saved_cs_client     = @@character_set_client */;
/*!40101 SET character_set_client = utf8 */;
CREATE TABLE `user_auth_realm` (
  `realm_id` mediumint(8) unsigned NOT NULL default '0',
  `user_id` mediumint(8) unsigned NOT NULL default '0',
  PRIMARY KEY  (`realm_id`,`user_id`),
  KEY `user_id` (`user_id`)
) ENGINE=MyISAM DEFAULT CHARSET=latin1;
/*!40101 SET character_set_client = @saved_cs_client */;

--
-- Dumping data for table `user_auth_realm`
--

LOCK TABLES `user_auth_realm` WRITE;
/*!40000 ALTER TABLE `user_auth_realm` DISABLE KEYS */;
INSERT INTO `user_auth_realm` VALUES (1,1),(2,1),(3,1),(4,1),(5,1),(7,1),(7,3),(8,1),(9,1),(10,1),(11,1),(12,1),(13,1),(14,1),(15,1),(16,1),(17,1),(101,1),(105,1);
/*!40000 ALTER TABLE `user_auth_realm` ENABLE KEYS */;
UNLOCK TABLES;

--
-- Table structure for table `user_log`
--

DROP TABLE IF EXISTS `user_log`;
/*!40101 SET @saved_cs_client     = @@character_set_client */;
/*!40101 SET character_set_client = utf8 */;
CREATE TABLE `user_log` (
  `username` varchar(50) NOT NULL default '0',
  `user_id` mediumint(8) NOT NULL default '0',
  `time` datetime NOT NULL default '0000-00-00 00:00:00',
  `result` tinyint(1) NOT NULL default '0',
  `ip` varchar(40) NOT NULL default '',
  PRIMARY KEY  (`username`,`user_id`,`time`),
  KEY `username` (`username`),
  KEY `user_id` (`user_id`)
) ENGINE=MyISAM DEFAULT CHARSET=latin1;
/*!40101 SET character_set_client = @saved_cs_client */;

--
-- Dumping data for table `user_log`
--

LOCK TABLES `user_log` WRITE;
/*!40000 ALTER TABLE `user_log` DISABLE KEYS */;
INSERT INTO `user_log` VALUES ('admin',0,'2012-09-18 21:39:13',0,'192.168.0.41'),('admin',1,'2012-09-18 21:39:15',1,'192.168.0.41'),('admin',0,'0000-00-00 00:00:00',3,'192.168.0.41'),('admin',0,'2012-10-08 17:27:36',0,'192.168.40.1'),('admin',0,'2012-10-08 17:27:40',0,'192.168.40.1'),('cacti',0,'2012-10-08 17:27:42',0,'192.168.40.1'),('cacti',0,'2012-10-08 17:27:44',0,'192.168.40.1'),('admin',1,'2012-10-08 17:27:47',1,'192.168.40.1'),('cacti',0,'2012-10-19 15:59:36',0,'192.168.40.1'),('cacti',0,'2012-10-19 15:59:38',0,'192.168.40.1'),('admin',0,'2012-10-19 15:59:41',0,'192.168.40.1'),('admin',0,'2012-10-19 15:59:42',0,'192.168.40.1'),('admin',0,'2012-10-19 15:59:49',0,'192.168.40.1'),('admin',0,'2012-10-19 16:00:57',0,'192.168.40.1'),('admin',0,'2012-10-19 16:01:02',0,'192.168.40.1'),('admin',1,'2012-10-19 16:01:04',1,'192.168.40.1'),('admin',1,'2012-10-26 18:38:46',1,'127.0.0.1'),('admin',1,'2012-10-29 16:27:17',1,'192.168.40.1');
/*!40000 ALTER TABLE `user_log` ENABLE KEYS */;
UNLOCK TABLES;

--
-- Table structure for table `version`
--

DROP TABLE IF EXISTS `version`;
/*!40101 SET @saved_cs_client     = @@character_set_client */;
/*!40101 SET character_set_client = utf8 */;
CREATE TABLE `version` (
  `cacti` char(20) default NULL
) ENGINE=MyISAM DEFAULT CHARSET=latin1;
/*!40101 SET character_set_client = @saved_cs_client */;

--
-- Dumping data for table `version`
--

LOCK TABLES `version` WRITE;
/*!40000 ALTER TABLE `version` DISABLE KEYS */;
INSERT INTO `version` VALUES ('0.8.8a');
/*!40000 ALTER TABLE `version` ENABLE KEYS */;
UNLOCK TABLES;
/*!40103 SET TIME_ZONE=@OLD_TIME_ZONE */;

/*!40101 SET SQL_MODE=@OLD_SQL_MODE */;
/*!40014 SET FOREIGN_KEY_CHECKS=@OLD_FOREIGN_KEY_CHECKS */;
/*!40014 SET UNIQUE_CHECKS=@OLD_UNIQUE_CHECKS */;
/*!40101 SET CHARACTER_SET_CLIENT=@OLD_CHARACTER_SET_CLIENT */;
/*!40101 SET CHARACTER_SET_RESULTS=@OLD_CHARACTER_SET_RESULTS */;
/*!40101 SET COLLATION_CONNECTION=@OLD_COLLATION_CONNECTION */;
/*!40111 SET SQL_NOTES=@OLD_SQL_NOTES */;

-- Dump completed on 2012-10-30 10:28:09
